Destination,Origin,Orig_x,Orig_y,Population,Dest_x,Dest_y,iso_n3_d
Afghanistan,Pakistan,69.345116,30.375321,78351,67.709953,33.93911,004
Afghanistan,Iran,53.688046,32.427908,32,67.709953,33.93911,004
Albania,Serb. & Kos.: S/RES/1244 (1999),21.005859,44.016521,58,20.168331,41.153332,008
Albania,China,104.195397,35.86166,13,20.168331,41.153332,008
Albania,Iran,53.688046,32.427908,12,20.168331,41.153332,008
Albania,Iraq,43.679291,33.223191,5,20.168331,41.153332,008
Albania,Syria,38.996815,34.802075,5,20.168331,41.153332,008
Algeria,Western Sahara,-12.885834,24.215527,173600,1.659626,28.033886,012
Algeria,Palestine,34.308825,31.354676,4013,1.659626,28.033886,012
Algeria,DRC,21.758664,-4.038333,52,1.659626,28.033886,012
Algeria,CAR,20.939444,6.611111,51,1.659626,28.033886,012
Algeria,Mali,-3.996166,17.570692,37,1.659626,28.033886,012
Algeria,C̫te d'Ivoire,-5.54708,7.539989,31,1.659626,28.033886,012
Algeria,Cameroon,12.354722,7.369722,19,1.659626,28.033886,012
Algeria,Libya,17.228331,26.3351,19,1.659626,28.033886,012
Algeria,Iraq,43.679291,33.223191,13,1.659626,28.033886,012
Algeria,Syria,38.996815,34.802075,12,1.659626,28.033886,012
Angola,DRC,21.758664,-4.038333,35322,17.873887,-11.202692,024
Angola,C̫te d'Ivoire,-5.54708,7.539989,510,17.873887,-11.202692,024
Angola,Sierra Leone,-11.779889,8.460555,374,17.873887,-11.202692,024
Angola,Sudan,30.217636,12.862807,313,17.873887,-11.202692,024
Angola,Mauritania,-10.940835,21.00789,306,17.873887,-11.202692,024
Angola,Somalia,46.199616,5.152149,288,17.873887,-11.202692,024
Angola,Rwanda,29.873888,-1.940278,273,17.873887,-11.202692,024
Angola,Chad,18.732207,15.454166,184,17.873887,-11.202692,024
Angola,Liberia,-9.429499,6.428055,155,17.873887,-11.202692,024
Angola,Guinea,-9.696645,9.945587,107,17.873887,-11.202692,024
Argentina,Peru,-75.015152,-9.189967,546,-63.616672,-38.416097,032
Argentina,Colombia,-74.297333,4.570868,544,-63.616672,-38.416097,032
Argentina,Syria,38.996815,34.802075,371,-63.616672,-38.416097,032
Argentina,Cuba,-77.781167,21.521757,254,-63.616672,-38.416097,032
Argentina,Ukraine,31.16558,48.379433,94,-63.616672,-38.416097,032
Argentina,Armenia,45.038189,40.069099,78,-63.616672,-38.416097,032
Argentina,Haiti,-72.285215,18.971187,66,-63.616672,-38.416097,032
Argentina,Russia,105.318756,61.52401,65,-63.616672,-38.416097,032
Argentina,Romania,24.96676,45.943161,51,-63.616672,-38.416097,032
Argentina,Liberia,-9.429499,6.428055,44,-63.616672,-38.416097,032
Armenia,Syria,38.996815,34.802075,14700,45.038189,40.069099,051
Armenia,Azerbaijan,47.576927,40.143105,1999,45.038189,40.069099,051
Armenia,Iraq,43.679291,33.223191,1076,45.038189,40.069099,051
Armenia,Ukraine,31.16558,48.379433,114,45.038189,40.069099,051
Armenia,Iran,53.688046,32.427908,35,45.038189,40.069099,051
Armenia,Lebanon,35.862285,33.854721,19,45.038189,40.069099,051
Armenia,Yemen,48.516388,15.552727,18,45.038189,40.069099,051
Armenia,Georgia,43.356892,42.315407,8,45.038189,40.069099,051
Armenia,Palestine,34.308825,31.354676,7,45.038189,40.069099,051
Armenia,C̫te d'Ivoire,-5.54708,7.539989,6,45.038189,40.069099,051
Australia,Afghanistan,67.709953,33.93911,11618,133.775136,-25.274398,036
Australia,Iran,53.688046,32.427908,9500,133.775136,-25.274398,036
Australia,Pakistan,69.345116,30.375321,4819,133.775136,-25.274398,036
Australia,Sri Lanka,80.771797,7.873054,4673,133.775136,-25.274398,036
Australia,Iraq,43.679291,33.223191,4426,133.775136,-25.274398,036
Australia,China,104.195397,35.86166,2411,133.775136,-25.274398,036
Australia,Egypt,30.802498,26.820553,1562,133.775136,-25.274398,036
Australia,Libya,17.228331,26.3351,1029,133.775136,-25.274398,036
Australia,Zimbabwe,29.154857,-19.015438,919,133.775136,-25.274398,036
Australia,Lebanon,35.862285,33.854721,551,133.775136,-25.274398,036
Austria,Syria,38.996815,34.802075,46833,14.550072,47.516231,040
Austria,Afghanistan,67.709953,33.93911,29983,14.550072,47.516231,040
Austria,Russia,105.318756,61.52401,10568,14.550072,47.516231,040
Austria,Iraq,43.679291,33.223191,7915,14.550072,47.516231,040
Austria,Somalia,46.199616,5.152149,6490,14.550072,47.516231,040
Austria,Iran,53.688046,32.427908,5135,14.550072,47.516231,040
Austria,Serb. & Kos.: S/RES/1244 (1999),21.005859,44.016521,1068,14.550072,47.516231,040
Austria,Turkey,35.243322,38.963745,701,14.550072,47.516231,040
Austria,Armenia,45.038189,40.069099,602,14.550072,47.516231,040
Austria,China,104.195397,35.86166,582,14.550072,47.516231,040
Azerbaijan,Afghanistan,67.709953,33.93911,627,47.576927,40.143105,031
Azerbaijan,Russia,105.318756,61.52401,389,47.576927,40.143105,031
Azerbaijan,Iran,53.688046,32.427908,41,47.576927,40.143105,031
Azerbaijan,Pakistan,69.345116,30.375321,15,47.576927,40.143105,031
Azerbaijan,Syria,38.996815,34.802075,15,47.576927,40.143105,031
Azerbaijan,Yemen,48.516388,15.552727,9,47.576927,40.143105,031
Azerbaijan,Ukraine,31.16558,48.379433,6,47.576927,40.143105,031
Azerbaijan,Iraq,43.679291,33.223191,5,47.576927,40.143105,031
Bahamas,Cuba,-77.781167,21.521757,7,-77.39628,25.03428,
Bahrain,Iraq,43.679291,33.223191,246,50.637772,25.930414,048
Bahrain,Yemen,48.516388,15.552727,9,50.637772,25.930414,048
Bangladesh,Myanmar,95.956223,21.913965,943228,90.356331,23.684994,050
Bangladesh,Somalia,46.199616,5.152149,5,90.356331,23.684994,050
Belarus,Ukraine,31.16558,48.379433,2206,27.953389,53.709807,112
Belarus,Afghanistan,67.709953,33.93911,210,27.953389,53.709807,112
Belarus,Syria,38.996815,34.802075,88,27.953389,53.709807,112
Belarus,Georgia,43.356892,42.315407,57,27.953389,53.709807,112
Belarus,Yemen,48.516388,15.552727,43,27.953389,53.709807,112
Belarus,Iraq,43.679291,33.223191,13,27.953389,53.709807,112
Belarus,Tajikistan,71.276093,38.861034,12,27.953389,53.709807,112
Belarus,Libya,17.228331,26.3351,9,27.953389,53.709807,112
Belarus,Azerbaijan,47.576927,40.143105,5,27.953389,53.709807,112
Belarus,Egypt,30.802498,26.820553,5,27.953389,53.709807,112
Belgium,Syria,38.996815,34.802075,14777,4.469936,50.503887,056
Belgium,Iraq,43.679291,33.223191,5335,4.469936,50.503887,056
Belgium,Afghanistan,67.709953,33.93911,4969,4.469936,50.503887,056
Belgium,Guinea,-9.696645,9.945587,3606,4.469936,50.503887,056
Belgium,Russia,105.318756,61.52401,2857,4.469936,50.503887,056
Belgium,Somalia,46.199616,5.152149,1990,4.469936,50.503887,056
Belgium,Eritrea,39.782334,15.179384,1906,4.469936,50.503887,056
Belgium,Iran,53.688046,32.427908,1508,4.469936,50.503887,056
Belgium,DRC,21.758664,-4.038333,1440,4.469936,50.503887,056
Belgium,Turkey,35.243322,38.963745,1409,4.469936,50.503887,056
Belize,El Salvador,-88.89653,13.794185,24,-88.49765,17.189877,084
Benin,CAR,20.939444,6.611111,912,2.315834,9.30769,204
Benin,C̫te d'Ivoire,-5.54708,7.539989,164,2.315834,9.30769,204
Benin,DRC,21.758664,-4.038333,12,2.315834,9.30769,204
Benin,Mali,-3.996166,17.570692,10,2.315834,9.30769,204
Benin,Syria,38.996815,34.802075,10,2.315834,9.30769,204
Benin,Yemen,48.516388,15.552727,8,2.315834,9.30769,204
Benin,Sri Lanka,80.771797,7.873054,7,2.315834,9.30769,204
Benin,Burundi,29.918886,-3.373056,5,2.315834,9.30769,204
Benin,Pakistan,69.345116,30.375321,5,2.315834,9.30769,204
Bolivia,Peru,-75.015152,-9.189967,515,-63.588653,-16.290154,068
Bolivia,Colombia,-74.297333,4.570868,222,-63.588653,-16.290154,068
Bolivia,Syria,38.996815,34.802075,22,-63.588653,-16.290154,068
Bolivia,Iraq,43.679291,33.223191,16,-63.588653,-16.290154,068
Bolivia,Chile,-71.542969,-35.675147,9,-63.588653,-16.290154,068
Bolivia,Cuba,-77.781167,21.521757,9,-63.588653,-16.290154,068
Bolivia,Russia,105.318756,61.52401,5,-63.588653,-16.290154,068
Bos. & Herz.,Croatia,15.2,45.1,5120,17.679076,43.915886,070
Bos. & Herz.,Serb. & Kos.: S/RES/1244 (1999),21.005859,44.016521,63,17.679076,43.915886,070
Bos. & Herz.,Syria,38.996815,34.802075,15,17.679076,43.915886,070
Bos. & Herz.,Turkey,35.243322,38.963745,13,17.679076,43.915886,070
Botswana,Namibia,18.49041,-22.95764,896,24.684866,-22.328474,072
Botswana,Zimbabwe,29.154857,-19.015438,667,24.684866,-22.328474,072
Botswana,Somalia,46.199616,5.152149,303,24.684866,-22.328474,072
Botswana,DRC,21.758664,-4.038333,101,24.684866,-22.328474,072
Botswana,Burundi,29.918886,-3.373056,48,24.684866,-22.328474,072
Botswana,Rwanda,29.873888,-1.940278,20,24.684866,-22.328474,072
Botswana,Uganda,32.290275,1.373333,19,24.684866,-22.328474,072
Botswana,Eritrea,39.782334,15.179384,10,24.684866,-22.328474,072
Brazil,Syria,38.996815,34.802075,3164,-51.92528,-14.235004,076
Brazil,DRC,21.758664,-4.038333,1497,-51.92528,-14.235004,076
Brazil,Colombia,-74.297333,4.570868,1291,-51.92528,-14.235004,076
Brazil,Angola,17.873887,-11.202692,1128,-51.92528,-14.235004,076
Brazil,Palestine,34.308825,31.354676,514,-51.92528,-14.235004,076
Brazil,Lebanon,35.862285,33.854721,407,-51.92528,-14.235004,076
Brazil,Iraq,43.679291,33.223191,296,-51.92528,-14.235004,076
Brazil,Pakistan,69.345116,30.375321,282,-51.92528,-14.235004,076
Brazil,Liberia,-9.429499,6.428055,259,-51.92528,-14.235004,076
Brazil,Cuba,-77.781167,21.521757,190,-51.92528,-14.235004,076
Bulgaria,Syria,38.996815,34.802075,16983,25.48583,42.733883,100
Bulgaria,Iraq,43.679291,33.223191,1141,25.48583,42.733883,100
Bulgaria,Afghanistan,67.709953,33.93911,191,25.48583,42.733883,100
Bulgaria,Iran,53.688046,32.427908,59,25.48583,42.733883,100
Bulgaria,Somalia,46.199616,5.152149,47,25.48583,42.733883,100
Bulgaria,Lebanon,35.862285,33.854721,23,25.48583,42.733883,100
Bulgaria,Pakistan,69.345116,30.375321,21,25.48583,42.733883,100
Bulgaria,Egypt,30.802498,26.820553,14,25.48583,42.733883,100
Bulgaria,Armenia,45.038189,40.069099,13,25.48583,42.733883,100
Bulgaria,Ethiopia,40.489673,9.145,13,25.48583,42.733883,100
Burkina Faso,Mali,-3.996166,17.570692,24392,-1.561593,12.238333,854
Burkina Faso,CAR,20.939444,6.611111,181,-1.561593,12.238333,854
Burkina Faso,Chad,18.732207,15.454166,81,-1.561593,12.238333,854
Burkina Faso,DRC,21.758664,-4.038333,33,-1.561593,12.238333,854
Burkina Faso,Burundi,29.918886,-3.373056,31,-1.561593,12.238333,854
Burkina Faso,Congo,15.827659,-0.228021,28,-1.561593,12.238333,854
Burkina Faso,Rwanda,29.873888,-1.940278,20,-1.561593,12.238333,854
Burkina Faso,Togo,0.824782,8.619543,14,-1.561593,12.238333,854
Burkina Faso,Cameroon,12.354722,7.369722,6,-1.561593,12.238333,854
Burkina Faso,Turkey,35.243322,38.963745,5,-1.561593,12.238333,854
Burundi,DRC,21.758664,-4.038333,67419,29.918886,-3.373056,108
Burundi,Rwanda,29.873888,-1.940278,466,29.918886,-3.373056,108
Burundi,Somalia,46.199616,5.152149,23,29.918886,-3.373056,108
Burundi,Turkey,35.243322,38.963745,21,29.918886,-3.373056,108
Burundi,Mali,-3.996166,17.570692,13,29.918886,-3.373056,108
Burundi,Uganda,32.290275,1.373333,7,29.918886,-3.373056,108
Burundi,United Rep. of Tanzania,34.888822,-6.369028,5,29.918886,-3.373056,108
Cambodia,Viet Nam,108.277199,14.058324,32,104.990963,12.565679,116
Cambodia,Myanmar,95.956223,21.913965,19,104.990963,12.565679,116
Cambodia,Pakistan,69.345116,30.375321,5,104.990963,12.565679,116
Cambodia,Sri Lanka,80.771797,7.873054,5,104.990963,12.565679,116
Cameroon,CAR,20.939444,6.611111,259775,12.354722,7.369722,120
Cameroon,Nigeria,8.675277,9.081999,97086,12.354722,7.369722,120
Cameroon,Chad,18.732207,15.454166,1543,12.354722,7.369722,120
Cameroon,Rwanda,29.873888,-1.940278,859,12.354722,7.369722,120
Cameroon,DRC,21.758664,-4.038333,534,12.354722,7.369722,120
Cameroon,Sudan,30.217636,12.862807,83,12.354722,7.369722,120
Cameroon,C̫te d'Ivoire,-5.54708,7.539989,68,12.354722,7.369722,120
Cameroon,Burundi,29.918886,-3.373056,67,12.354722,7.369722,120
Cameroon,Congo,15.827659,-0.228021,52,12.354722,7.369722,120
Cameroon,Togo,0.824782,8.619543,17,12.354722,7.369722,120
Canada,Colombia,-74.297333,4.570868,7766,-106.346771,56.130366,124
Canada,China,104.195397,35.86166,7265,-106.346771,56.130366,124
Canada,Haiti,-72.285215,18.971187,6918,-106.346771,56.130366,124
Canada,Pakistan,69.345116,30.375321,5356,-106.346771,56.130366,124
Canada,Nigeria,8.675277,9.081999,5088,-106.346771,56.130366,124
Canada,Sri Lanka,80.771797,7.873054,3933,-106.346771,56.130366,124
Canada,Turkey,35.243322,38.963745,3676,-106.346771,56.130366,124
Canada,Mexico,-102.552784,23.634501,3627,-106.346771,56.130366,124
Canada,Afghanistan,67.709953,33.93911,3494,-106.346771,56.130366,124
Canada,Hungary,19.503304,47.162494,3334,-106.346771,56.130366,124
Cayman Islands,Cuba,-77.781167,21.521757,28,-80.566956,19.513469,136
Central African Republic,DRC,21.758664,-4.038333,4064,20.939444,6.611111,140
Central African Republic,South Sudan,30,8,2523,20.939444,6.611111,140
Central African Republic,Chad,18.732207,15.454166,1682,20.939444,6.611111,140
Central African Republic,Sudan,30.217636,12.862807,511,20.939444,6.611111,140
Central African Republic,Rwanda,29.873888,-1.940278,194,20.939444,6.611111,140
Central African Republic,Burundi,29.918886,-3.373056,24,20.939444,6.611111,140
Central African Republic,Angola,17.873887,-11.202692,14,20.939444,6.611111,140
Central African Republic,Congo,15.827659,-0.228021,13,20.939444,6.611111,140
Central African Republic,Turkey,35.243322,38.963745,10,20.939444,6.611111,140
Central African Republic,C̫te d'Ivoire,-5.54708,7.539989,9,20.939444,6.611111,140
Chad,Sudan,30.217636,12.862807,331839,18.732207,15.454166,148
Chad,CAR,20.939444,6.611111,102541,18.732207,15.454166,148
Chad,Nigeria,8.675277,9.081999,10294,18.732207,15.454166,148
Chad,Niger,8.081666,17.607789,594,18.732207,15.454166,148
Chad,DRC,21.758664,-4.038333,345,18.732207,15.454166,148
Chad,Syria,38.996815,34.802075,49,18.732207,15.454166,148
Chad,Ethiopia,40.489673,9.145,17,18.732207,15.454166,148
Chad,Cameroon,12.354722,7.369722,16,18.732207,15.454166,148
Chad,Rwanda,29.873888,-1.940278,13,18.732207,15.454166,148
Chad,Congo,15.827659,-0.228021,10,18.732207,15.454166,148
Chile,Colombia,-74.297333,4.570868,1218,-71.542969,-35.675147,152
Chile,Peru,-75.015152,-9.189967,113,-71.542969,-35.675147,152
Chile,Syria,38.996815,34.802075,107,-71.542969,-35.675147,152
Chile,Turkey,35.243322,38.963745,26,-71.542969,-35.675147,152
Chile,Ecuador,-78.183406,-1.831239,23,-71.542969,-35.675147,152
Chile,Cuba,-77.781167,21.521757,18,-71.542969,-35.675147,152
Chile,Palestine,34.308825,31.354676,15,-71.542969,-35.675147,152
Chile,Afghanistan,67.709953,33.93911,13,-71.542969,-35.675147,152
Chile,El Salvador,-88.89653,13.794185,9,-71.542969,-35.675147,152
Chile,Venezuela (Bolivarian Republic of),-66.58973,6.42375,9,-71.542969,-35.675147,152
China,Viet Nam,108.277199,14.058324,321502,104.195397,35.86166,156
China,Somalia,46.199616,5.152149,95,104.195397,35.86166,156
China,Syria,38.996815,34.802075,51,104.195397,35.86166,156
China,Pakistan,69.345116,30.375321,18,104.195397,35.86166,156
China,Iraq,43.679291,33.223191,15,104.195397,35.86166,156
China,Palestine,34.308825,31.354676,13,104.195397,35.86166,156
China,Afghanistan,67.709953,33.93911,9,104.195397,35.86166,156
China,Yemen,48.516388,15.552727,9,104.195397,35.86166,156
China,Burundi,29.918886,-3.373056,5,104.195397,35.86166,156
China,DRC,21.758664,-4.038333,5,104.195397,35.86166,156
Colombia,Cuba,-77.781167,21.521757,74,-74.297333,4.570868,170
Colombia,Venezuela (Bolivarian Republic of),-66.58973,6.42375,62,-74.297333,4.570868,170
Colombia,Ethiopia,40.489673,9.145,17,-74.297333,4.570868,170
Colombia,Nicaragua,-85.207229,12.865416,14,-74.297333,4.570868,170
Colombia,El Salvador,-88.89653,13.794185,11,-74.297333,4.570868,170
Colombia,Somalia,46.199616,5.152149,11,-74.297333,4.570868,170
Colombia,Afghanistan,67.709953,33.93911,9,-74.297333,4.570868,170
Colombia,Ecuador,-78.183406,-1.831239,9,-74.297333,4.570868,170
Colombia,Iraq,43.679291,33.223191,9,-74.297333,4.570868,170
Colombia,Syria,38.996815,34.802075,8,-74.297333,4.570868,170
Costa Rica,Colombia,-74.297333,4.570868,2349,-83.753428,9.748917,188
Costa Rica,El Salvador,-88.89653,13.794185,725,-83.753428,9.748917,188
Costa Rica,Nicaragua,-85.207229,12.865416,461,-83.753428,9.748917,188
Costa Rica,Cuba,-77.781167,21.521757,384,-83.753428,9.748917,188
Costa Rica,Venezuela (Bolivarian Republic of),-66.58973,6.42375,340,-83.753428,9.748917,188
Costa Rica,Honduras,-86.241905,15.199999,157,-83.753428,9.748917,188
Costa Rica,Guatemala,-90.230759,15.783471,27,-83.753428,9.748917,188
Costa Rica,Nigeria,8.675277,9.081999,19,-83.753428,9.748917,188
Costa Rica,Russia,105.318756,61.52401,19,-83.753428,9.748917,188
Costa Rica,Ukraine,31.16558,48.379433,17,-83.753428,9.748917,188
Croatia,Syria,38.996815,34.802075,273,15.2,45.1,191
Croatia,Iraq,43.679291,33.223191,73,15.2,45.1,191
Croatia,Afghanistan,67.709953,33.93911,51,15.2,45.1,191
Croatia,Bos. & Herz.,17.679076,43.915886,37,15.2,45.1,191
Croatia,Somalia,46.199616,5.152149,23,15.2,45.1,191
Croatia,Eritrea,39.782334,15.179384,21,15.2,45.1,191
Croatia,Turkey,35.243322,38.963745,16,15.2,45.1,191
Croatia,Iran,53.688046,32.427908,14,15.2,45.1,191
Croatia,Russia,105.318756,61.52401,14,15.2,45.1,191
Croatia,Nigeria,8.675277,9.081999,10,15.2,45.1,191
Cuba,Western Sahara,-12.885834,24.215527,124,-77.781167,21.521757,192
Cuba,Syria,38.996815,34.802075,43,-77.781167,21.521757,192
Cuba,Afghanistan,67.709953,33.93911,42,-77.781167,21.521757,192
Cuba,Iran,53.688046,32.427908,21,-77.781167,21.521757,192
Cuba,Eritrea,39.782334,15.179384,20,-77.781167,21.521757,192
Cuba,Yemen,48.516388,15.552727,17,-77.781167,21.521757,192
Cuba,Palestine,34.308825,31.354676,6,-77.781167,21.521757,192
Cuba,Ethiopia,40.489673,9.145,5,-77.781167,21.521757,192
Cyprus,Syria,38.996815,34.802075,5579,33.429859,35.126413,196
Cyprus,Palestine,34.308825,31.354676,1978,33.429859,35.126413,196
Cyprus,Iraq,43.679291,33.223191,874,33.429859,35.126413,196
Cyprus,Iran,53.688046,32.427908,535,33.429859,35.126413,196
Cyprus,Turkey,35.243322,38.963745,193,33.429859,35.126413,196
Cyprus,Somalia,46.199616,5.152149,161,33.429859,35.126413,196
Cyprus,Egypt,30.802498,26.820553,104,33.429859,35.126413,196
Cyprus,Georgia,43.356892,42.315407,85,33.429859,35.126413,196
Cyprus,Russia,105.318756,61.52401,77,33.429859,35.126413,196
Cyprus,Serb. & Kos.: S/RES/1244 (1999),21.005859,44.016521,59,33.429859,35.126413,196
Czech Republic,Ukraine,31.16558,48.379433,444,15.472962,49.817492,203
Czech Republic,Syria,38.996815,34.802075,365,15.472962,49.817492,203
Czech Republic,Belarus,27.953389,53.709807,364,15.472962,49.817492,203
Czech Republic,Russia,105.318756,61.52401,319,15.472962,49.817492,203
Czech Republic,Afghanistan,67.709953,33.93911,234,15.472962,49.817492,203
Czech Republic,Kazakhstan,66.923684,48.019573,234,15.472962,49.817492,203
Czech Republic,Cuba,-77.781167,21.521757,228,15.472962,49.817492,203
Czech Republic,Iraq,43.679291,33.223191,199,15.472962,49.817492,203
Czech Republic,Myanmar,95.956223,21.913965,160,15.472962,49.817492,203
Czech Republic,Uzbekistan,64.585262,41.377491,99,15.472962,49.817492,203
DRC,Rwanda,29.873888,-1.940278,218480,21.758664,-4.038333,180
DRC,CAR,20.939444,6.611111,176319,21.758664,-4.038333,180
DRC,South Sudan,30,8,93087,21.758664,-4.038333,180
DRC,Burundi,29.918886,-3.373056,46500,21.758664,-4.038333,180
DRC,Congo,15.827659,-0.228021,658,21.758664,-4.038333,180
DRC,Angola,17.873887,-11.202692,490,21.758664,-4.038333,180
DRC,Sudan,30.217636,12.862807,146,21.758664,-4.038333,180
DRC,Uganda,32.290275,1.373333,15,21.758664,-4.038333,180
DRC,Somalia,46.199616,5.152149,14,21.758664,-4.038333,180
DRC,C̫te d'Ivoire,-5.54708,7.539989,5,21.758664,-4.038333,180
Denmark,Syria,38.996815,34.802075,19417,9.501785,56.26392,208
Denmark,Eritrea,39.782334,15.179384,4290,9.501785,56.26392,208
Denmark,Iran,53.688046,32.427908,3181,9.501785,56.26392,208
Denmark,Afghanistan,67.709953,33.93911,2710,9.501785,56.26392,208
Denmark,Somalia,46.199616,5.152149,1294,9.501785,56.26392,208
Denmark,Russia,105.318756,61.52401,976,9.501785,56.26392,208
Denmark,Iraq,43.679291,33.223191,551,9.501785,56.26392,208
Denmark,Ethiopia,40.489673,9.145,95,9.501785,56.26392,208
Denmark,DRC,21.758664,-4.038333,85,9.501785,56.26392,208
Denmark,Uganda,32.290275,1.373333,75,9.501785,56.26392,208
Djibouti,Somalia,46.199616,5.152149,12084,42.590275,11.825138,262
Djibouti,Yemen,48.516388,15.552727,4290,42.590275,11.825138,262
Djibouti,Ethiopia,40.489673,9.145,500,42.590275,11.825138,262
Djibouti,Eritrea,39.782334,15.179384,380,42.590275,11.825138,262
Djibouti,Iraq,43.679291,33.223191,14,42.590275,11.825138,262
Djibouti,Kenya,37.906193,-0.023559,11,42.590275,11.825138,262
Djibouti,Syria,38.996815,34.802075,10,42.590275,11.825138,262
Djibouti,Sudan,30.217636,12.862807,6,42.590275,11.825138,262
Dominican Republic,Haiti,-72.285215,18.971187,564,-70.162651,18.735693,214
Dominican Republic,Ecuador,-78.183406,-1.831239,5,-70.162651,18.735693,214
Ecuador,Colombia,-74.297333,4.570868,47934,-78.183406,-1.831239,218
Ecuador,Cuba,-77.781167,21.521757,212,-78.183406,-1.831239,218
Ecuador,Afghanistan,67.709953,33.93911,111,-78.183406,-1.831239,218
Ecuador,Peru,-75.015152,-9.189967,81,-78.183406,-1.831239,218
Ecuador,Syria,38.996815,34.802075,51,-78.183406,-1.831239,218
Ecuador,Iraq,43.679291,33.223191,40,-78.183406,-1.831239,218
Ecuador,Russia,105.318756,61.52401,31,-78.183406,-1.831239,218
Ecuador,Iran,53.688046,32.427908,29,-78.183406,-1.831239,218
Ecuador,Pakistan,69.345116,30.375321,28,-78.183406,-1.831239,218
Ecuador,Nigeria,8.675277,9.081999,24,-78.183406,-1.831239,218
Egypt,Syria,38.996815,34.802075,129737,30.802498,26.820553,818
Egypt,Palestine,34.308825,31.354676,70020,30.802498,26.820553,818
Egypt,Sudan,30.217636,12.862807,18589,30.802498,26.820553,818
Egypt,South Sudan,30,8,6275,30.802498,26.820553,818
Egypt,Iraq,43.679291,33.223191,4269,30.802498,26.820553,818
Egypt,Ethiopia,40.489673,9.145,3525,30.802498,26.820553,818
Egypt,Eritrea,39.782334,15.179384,3445,30.802498,26.820553,818
Egypt,Somalia,46.199616,5.152149,3408,30.802498,26.820553,818
Egypt,C̫te d'Ivoire,-5.54708,7.539989,109,30.802498,26.820553,818
Egypt,Yemen,48.516388,15.552727,87,30.802498,26.820553,818
El Salvador,Honduras,-86.241905,15.199999,17,-88.89653,13.794185,222
El Salvador,Nicaragua,-85.207229,12.865416,7,-88.89653,13.794185,222
El Salvador,Iraq,43.679291,33.223191,5,-88.89653,13.794185,222
El Salvador,Syria,38.996815,34.802075,5,-88.89653,13.794185,222
Eritrea,Somalia,46.199616,5.152149,2109,39.782334,15.179384,232
Eritrea,Sudan,30.217636,12.862807,69,39.782334,15.179384,232
Eritrea,Ethiopia,40.489673,9.145,29,39.782334,15.179384,232
Eritrea,South Sudan,30,8,8,39.782334,15.179384,232
Estonia,Syria,38.996815,34.802075,154,25.013607,58.595272,233
Estonia,Ukraine,31.16558,48.379433,82,25.013607,58.595272,233
Estonia,Iraq,43.679291,33.223191,32,25.013607,58.595272,233
Estonia,Russia,105.318756,61.52401,29,25.013607,58.595272,233
Estonia,Sudan,30.217636,12.862807,22,25.013607,58.595272,233
Estonia,Afghanistan,67.709953,33.93911,21,25.013607,58.595272,233
Estonia,Sri Lanka,80.771797,7.873054,12,25.013607,58.595272,233
Estonia,Belarus,27.953389,53.709807,6,25.013607,58.595272,233
Estonia,Serb. & Kos.: S/RES/1244 (1999),21.005859,44.016521,5,25.013607,58.595272,233
Ethiopia,South Sudan,30,8,444982,40.489673,9.145,231
Ethiopia,Somalia,46.199616,5.152149,256378,40.489673,9.145,231
Ethiopia,Eritrea,39.782334,15.179384,169895,40.489673,9.145,231
Ethiopia,Sudan,30.217636,12.862807,43758,40.489673,9.145,231
Ethiopia,Kenya,37.906193,-0.023559,3459,40.489673,9.145,231
Ethiopia,Yemen,48.516388,15.552727,1662,40.489673,9.145,231
Ethiopia,DRC,21.758664,-4.038333,629,40.489673,9.145,231
Ethiopia,Djibouti,42.590275,11.825138,78,40.489673,9.145,231
Ethiopia,Burundi,29.918886,-3.373056,57,40.489673,9.145,231
Ethiopia,Uganda,32.290275,1.373333,18,40.489673,9.145,231
Finland,Iraq,43.679291,33.223191,8148,25.748151,61.92411,246
Finland,Somalia,46.199616,5.152149,3300,25.748151,61.92411,246
Finland,Afghanistan,67.709953,33.93911,2729,25.748151,61.92411,246
Finland,Syria,38.996815,34.802075,2461,25.748151,61.92411,246
Finland,Iran,53.688046,32.427908,869,25.748151,61.92411,246
Finland,Eritrea,39.782334,15.179384,761,25.748151,61.92411,246
Finland,Russia,105.318756,61.52401,746,25.748151,61.92411,246
Finland,Turkey,35.243322,38.963745,175,25.748151,61.92411,246
Finland,Nigeria,8.675277,9.081999,162,25.748151,61.92411,246
Finland,Yemen,48.516388,15.552727,160,25.748151,61.92411,246
France,Sri Lanka,80.771797,7.873054,23941,2.213749,46.227638,250
France,DRC,21.758664,-4.038333,16004,2.213749,46.227638,250
France,Afghanistan,67.709953,33.93911,15876,2.213749,46.227638,250
France,Russia,105.318756,61.52401,15721,2.213749,46.227638,250
France,Syria,38.996815,34.802075,14121,2.213749,46.227638,250
France,Serb. & Kos.: S/RES/1244 (1999),21.005859,44.016521,13483,2.213749,46.227638,250
France,Sudan,30.217636,12.862807,12762,2.213749,46.227638,250
France,Cambodia,104.990963,12.565679,11241,2.213749,46.227638,250
France,Turkey,35.243322,38.963745,10849,2.213749,46.227638,250
France,Guinea,-9.696645,9.945587,8460,2.213749,46.227638,250
Gabon,Chad,18.732207,15.454166,561,11.609444,-0.803689,266
Gabon,Congo,15.827659,-0.228021,86,11.609444,-0.803689,266
Gabon,DRC,21.758664,-4.038333,76,11.609444,-0.803689,266
Gabon,CAR,20.939444,6.611111,38,11.609444,-0.803689,266
Gabon,Sao Tome and Principe,6.613081,0.18636,26,11.609444,-0.803689,266
Gabon,Togo,0.824782,8.619543,15,11.609444,-0.803689,266
Gabon,Mauritania,-10.940835,21.00789,8,11.609444,-0.803689,266
Gabon,Burundi,29.918886,-3.373056,7,11.609444,-0.803689,266
Gambia,Senegal,-14.452362,14.497401,8017,-15.310139,13.443182,270
Gambia,C̫te d'Ivoire,-5.54708,7.539989,202,-15.310139,13.443182,270
Gambia,Sierra Leone,-11.779889,8.460555,122,-15.310139,13.443182,270
Gambia,DRC,21.758664,-4.038333,67,-15.310139,13.443182,270
Gambia,Liberia,-9.429499,6.428055,23,-15.310139,13.443182,270
Gambia,Togo,0.824782,8.619543,23,-15.310139,13.443182,270
Gambia,Congo,15.827659,-0.228021,13,-15.310139,13.443182,270
Gambia,Guinea-Bissau,-15.180413,11.803749,13,-15.310139,13.443182,270
Georgia,Ukraine,31.16558,48.379433,635,43.356892,42.315407,268
Georgia,Iraq,43.679291,33.223191,591,43.356892,42.315407,268
Germany,Syria,38.996815,34.802075,513976,10.451526,51.165691,276
Germany,Iraq,43.679291,33.223191,133968,10.451526,51.165691,276
Germany,Afghanistan,67.709953,33.93911,116664,10.451526,51.165691,276
Germany,Eritrea,39.782334,15.179384,53149,10.451526,51.165691,276
Germany,Iran,53.688046,32.427908,39997,10.451526,51.165691,276
Germany,Turkey,35.243322,38.963745,22684,10.451526,51.165691,276
Germany,Somalia,46.199616,5.152149,22031,10.451526,51.165691,276
Germany,Serb. & Kos.: S/RES/1244 (1999),21.005859,44.016521,9173,10.451526,51.165691,276
Germany,Russia,105.318756,61.52401,7665,10.451526,51.165691,276
Germany,Pakistan,69.345116,30.375321,7121,10.451526,51.165691,276
Ghana,C̫te d'Ivoire,-5.54708,7.539989,6645,-1.023194,7.946527,288
Ghana,Togo,0.824782,8.619543,3430,-1.023194,7.946527,288
Ghana,Liberia,-9.429499,6.428055,735,-1.023194,7.946527,288
Ghana,Sudan,30.217636,12.862807,407,-1.023194,7.946527,288
Ghana,Syria,38.996815,34.802075,151,-1.023194,7.946527,288
Ghana,CAR,20.939444,6.611111,116,-1.023194,7.946527,288
Ghana,Sierra Leone,-11.779889,8.460555,88,-1.023194,7.946527,288
Ghana,Eritrea,39.782334,15.179384,69,-1.023194,7.946527,288
Ghana,Somalia,46.199616,5.152149,62,-1.023194,7.946527,288
Ghana,DRC,21.758664,-4.038333,43,-1.023194,7.946527,288
Greece,Syria,38.996815,34.802075,21835,21.824312,39.074208,300
Greece,Iraq,43.679291,33.223191,9354,21.824312,39.074208,300
Greece,Afghanistan,67.709953,33.93911,6722,21.824312,39.074208,300
Greece,Iran,53.688046,32.427908,1311,21.824312,39.074208,300
Greece,Palestine,34.308825,31.354676,891,21.824312,39.074208,300
Greece,Eritrea,39.782334,15.179384,815,21.824312,39.074208,300
Greece,Pakistan,69.345116,30.375321,810,21.824312,39.074208,300
Greece,Somalia,46.199616,5.152149,550,21.824312,39.074208,300
Greece,DRC,21.758664,-4.038333,449,21.824312,39.074208,300
Greece,Sudan,30.217636,12.862807,427,21.824312,39.074208,300
Guatemala,El Salvador,-88.89653,13.794185,216,-90.230759,15.783471,320
Guatemala,Nicaragua,-85.207229,12.865416,100,-90.230759,15.783471,320
Guatemala,Honduras,-86.241905,15.199999,39,-90.230759,15.783471,320
Guatemala,Venezuela (Bolivarian Republic of),-66.58973,6.42375,17,-90.230759,15.783471,320
Guatemala,Colombia,-74.297333,4.570868,8,-90.230759,15.783471,320
Guinea,C̫te d'Ivoire,-5.54708,7.539989,4242,-9.696645,9.945587,324
Guinea,Liberia,-9.429499,6.428055,306,-9.696645,9.945587,324
Guinea,Sierra Leone,-11.779889,8.460555,216,-9.696645,9.945587,324
Guinea,DRC,21.758664,-4.038333,38,-9.696645,9.945587,324
Guinea,CAR,20.939444,6.611111,37,-9.696645,9.945587,324
Guinea,Congo,15.827659,-0.228021,12,-9.696645,9.945587,324
Guinea,Rwanda,29.873888,-1.940278,10,-9.696645,9.945587,324
Guinea,Sri Lanka,80.771797,7.873054,8,-9.696645,9.945587,324
Guinea,Togo,0.824782,8.619543,8,-9.696645,9.945587,324
Guinea,Nigeria,8.675277,9.081999,7,-9.696645,9.945587,324
Guinea Bissau,Senegal,-14.452362,14.497401,10000,-15.180413,11.803749,624
Guinea Bissau,C̫te d'Ivoire,-5.54708,7.539989,16,-15.180413,11.803749,624
Guinea Bissau,Sierra Leone,-11.779889,8.460555,12,-15.180413,11.803749,624
Guinea Bissau,Burundi,29.918886,-3.373056,11,-15.180413,11.803749,624
Guinea Bissau,Guinea,-9.696645,9.945587,10,-15.180413,11.803749,624
Guinea Bissau,Gambia,-15.310139,13.443182,6,-15.180413,11.803749,624
Guinea Bissau,DRC,21.758664,-4.038333,5,-15.180413,11.803749,624
Guinea Bissau,Liberia,-9.429499,6.428055,5,-15.180413,11.803749,624
Guyana,DRC,21.758664,-4.038333,7,-58.93018,4.860416,328
Honduras,El Salvador,-88.89653,13.794185,11,-86.241905,15.199999,340
Honduras,Nicaragua,-85.207229,12.865416,6,-86.241905,15.199999,340
Honduras,Venezuela (Bolivarian Republic of),-66.58973,6.42375,6,-86.241905,15.199999,340
Hong Kong S.A.R.,Rwanda,29.873888,-1.940278,24,114.109497,22.396428,344
Hong Kong S.A.R.,Somalia,46.199616,5.152149,22,114.109497,22.396428,344
Hong Kong S.A.R.,Sri Lanka,80.771797,7.873054,20,114.109497,22.396428,344
Hong Kong S.A.R.,Pakistan,69.345116,30.375321,8,114.109497,22.396428,344
Hong Kong S.A.R.,Indonesia,113.921327,-0.789275,5,114.109497,22.396428,344
Hungary,Afghanistan,67.709953,33.93911,1535,19.503304,47.162494,348
Hungary,Syria,38.996815,34.802075,970,19.503304,47.162494,348
Hungary,Iraq,43.679291,33.223191,683,19.503304,47.162494,348
Hungary,Somalia,46.199616,5.152149,654,19.503304,47.162494,348
Hungary,Iran,53.688046,32.427908,168,19.503304,47.162494,348
Hungary,Palestine,34.308825,31.354676,92,19.503304,47.162494,348
Hungary,Cuba,-77.781167,21.521757,79,19.503304,47.162494,348
Hungary,Sudan,30.217636,12.862807,68,19.503304,47.162494,348
Hungary,Georgia,43.356892,42.315407,61,19.503304,47.162494,348
Hungary,Nigeria,8.675277,9.081999,56,19.503304,47.162494,348
Iceland,Iraq,43.679291,33.223191,87,-19.020835,64.963051,352
Iceland,Syria,38.996815,34.802075,68,-19.020835,64.963051,352
Iceland,Afghanistan,67.709953,33.93911,50,-19.020835,64.963051,352
Iceland,Iran,53.688046,32.427908,40,-19.020835,64.963051,352
Iceland,Somalia,46.199616,5.152149,20,-19.020835,64.963051,352
Iceland,Ukraine,31.16558,48.379433,17,-19.020835,64.963051,352
Iceland,Pakistan,69.345116,30.375321,16,-19.020835,64.963051,352
Iceland,El Salvador,-88.89653,13.794185,12,-19.020835,64.963051,352
Iceland,Eritrea,39.782334,15.179384,11,-19.020835,64.963051,352
Iceland,Palestine,34.308825,31.354676,11,-19.020835,64.963051,352
India,China,104.195397,35.86166,108008,78.96288,20.593684,356
India,Sri Lanka,80.771797,7.873054,61313,78.96288,20.593684,356
India,Myanmar,95.956223,21.913965,18648,78.96288,20.593684,356
India,Afghanistan,67.709953,33.93911,7600,78.96288,20.593684,356
India,Somalia,46.199616,5.152149,660,78.96288,20.593684,356
India,Iraq,43.679291,33.223191,307,78.96288,20.593684,356
India,Syria,38.996815,34.802075,88,78.96288,20.593684,356
India,Sudan,30.217636,12.862807,84,78.96288,20.593684,356
India,Palestine,34.308825,31.354676,75,78.96288,20.593684,356
India,Iran,53.688046,32.427908,59,78.96288,20.593684,356
Indonesia,Afghanistan,67.709953,33.93911,6189,113.921327,-0.789275,360
Indonesia,Somalia,46.199616,5.152149,1156,113.921327,-0.789275,360
Indonesia,Myanmar,95.956223,21.913965,753,113.921327,-0.789275,360
Indonesia,Iraq,43.679291,33.223191,620,113.921327,-0.789275,360
Indonesia,Sri Lanka,80.771797,7.873054,418,113.921327,-0.789275,360
Indonesia,Palestine,34.308825,31.354676,392,113.921327,-0.789275,360
Indonesia,Sudan,30.217636,12.862807,388,113.921327,-0.789275,360
Indonesia,Pakistan,69.345116,30.375321,373,113.921327,-0.789275,360
Indonesia,Iran,53.688046,32.427908,308,113.921327,-0.789275,360
Indonesia,Ethiopia,40.489673,9.145,159,113.921327,-0.789275,360
Iran,Afghanistan,67.709953,33.93911,951142,53.688046,32.427908,364
Iran,Iraq,43.679291,33.223191,28268,53.688046,32.427908,364
Iran,Pakistan,69.345116,30.375321,10,53.688046,32.427908,364
Iran,Kuwait,47.481766,29.31166,8,53.688046,32.427908,364
Iran,Uzbekistan,64.585262,41.377491,7,53.688046,32.427908,364
Iraq,Syria,38.996815,34.802075,251157,43.679291,33.223191,368
Iraq,Turkey,35.243322,38.963745,15556,43.679291,33.223191,368
Iraq,Palestine,34.308825,31.354676,7947,43.679291,33.223191,368
Iraq,Iran,53.688046,32.427908,7152,43.679291,33.223191,368
Iraq,Sudan,30.217636,12.862807,66,43.679291,33.223191,368
Iraq,Afghanistan,67.709953,33.93911,10,43.679291,33.223191,368
Iraq,Jordan,36.238414,30.585164,9,43.679291,33.223191,368
Ireland,Syria,38.996815,34.802075,718,-8.24389,53.41291,372
Ireland,Iraq,43.679291,33.223191,491,-8.24389,53.41291,372
Ireland,Somalia,46.199616,5.152149,480,-8.24389,53.41291,372
Ireland,Nigeria,8.675277,9.081999,421,-8.24389,53.41291,372
Ireland,DRC,21.758664,-4.038333,396,-8.24389,53.41291,372
Ireland,Libya,17.228331,26.3351,255,-8.24389,53.41291,372
Ireland,Zimbabwe,29.154857,-19.015438,252,-8.24389,53.41291,372
Ireland,Angola,17.873887,-11.202692,236,-8.24389,53.41291,372
Ireland,Afghanistan,67.709953,33.93911,230,-8.24389,53.41291,372
Ireland,Serb. & Kos.: S/RES/1244 (1999),21.005859,44.016521,200,-8.24389,53.41291,372
Israel,Eritrea,39.782334,15.179384,15303,34.851612,31.046051,376
Israel,Sudan,30.217636,12.862807,2175,34.851612,31.046051,376
Israel,DRC,21.758664,-4.038333,209,34.851612,31.046051,376
Israel,South Sudan,30,8,126,34.851612,31.046051,376
Israel,Ethiopia,40.489673,9.145,89,34.851612,31.046051,376
Israel,Iraq,43.679291,33.223191,10,34.851612,31.046051,376
Israel,Iran,53.688046,32.427908,6,34.851612,31.046051,376
Italy,Nigeria,8.675277,9.081999,20660,12.56738,41.87194,380
Italy,Pakistan,69.345116,30.375321,17247,12.56738,41.87194,380
Italy,Afghanistan,67.709953,33.93911,17077,12.56738,41.87194,380
Italy,Somalia,46.199616,5.152149,14547,12.56738,41.87194,380
Italy,Mali,-3.996166,17.570692,14309,12.56738,41.87194,380
Italy,Gambia,-15.310139,13.443182,11840,12.56738,41.87194,380
Italy,Bangladesh,90.356331,23.684994,7688,12.56738,41.87194,380
Italy,Eritrea,39.782334,15.179384,7283,12.56738,41.87194,380
Italy,Senegal,-14.452362,14.497401,7152,12.56738,41.87194,380
Italy,C̫te d'Ivoire,-5.54708,7.539989,6949,12.56738,41.87194,380
Ivory Coast,Liberia,-9.429499,6.428055,899,-5.54708,7.539989,384
Ivory Coast,CAR,20.939444,6.611111,409,-5.54708,7.539989,384
Ivory Coast,DRC,21.758664,-4.038333,117,-5.54708,7.539989,384
Ivory Coast,Syria,38.996815,34.802075,74,-5.54708,7.539989,384
Ivory Coast,Congo,15.827659,-0.228021,52,-5.54708,7.539989,384
Ivory Coast,Rwanda,29.873888,-1.940278,46,-5.54708,7.539989,384
Ivory Coast,Burundi,29.918886,-3.373056,34,-5.54708,7.539989,384
Ivory Coast,Turkey,35.243322,38.963745,20,-5.54708,7.539989,384
Ivory Coast,Togo,0.824782,8.619543,15,-5.54708,7.539989,384
Ivory Coast,Sudan,30.217636,12.862807,9,-5.54708,7.539989,384
Jamaica,Haiti,-72.285215,18.971187,8,-77.297508,18.109581,388
Japan,Myanmar,95.956223,21.913965,1255,138.252924,36.204824,392
Japan,Syria,38.996815,34.802075,247,138.252924,36.204824,392
Japan,China,104.195397,35.86166,73,138.252924,36.204824,392
Japan,Turkey,35.243322,38.963745,60,138.252924,36.204824,392
Japan,Sri Lanka,80.771797,7.873054,54,138.252924,36.204824,392
Japan,Afghanistan,67.709953,33.93911,53,138.252924,36.204824,392
Japan,Pakistan,69.345116,30.375321,34,138.252924,36.204824,392
Japan,Bangladesh,90.356331,23.684994,27,138.252924,36.204824,392
Japan,Ethiopia,40.489673,9.145,27,138.252924,36.204824,392
Japan,Cameroon,12.354722,7.369722,16,138.252924,36.204824,392
Jordan,Syria,38.996815,34.802075,667186,36.238414,30.585164,400
Jordan,Iraq,43.679291,33.223191,34362,36.238414,30.585164,400
Jordan,Sudan,30.217636,12.862807,2670,36.238414,30.585164,400
Jordan,Somalia,46.199616,5.152149,692,36.238414,30.585164,400
Jordan,Yemen,48.516388,15.552727,577,36.238414,30.585164,400
Jordan,Egypt,30.802498,26.820553,90,36.238414,30.585164,400
Jordan,Eritrea,39.782334,15.179384,28,36.238414,30.585164,400
Jordan,Libya,17.228331,26.3351,26,36.238414,30.585164,400
Jordan,Russia,105.318756,61.52401,26,36.238414,30.585164,400
Jordan,South Sudan,30,8,12,36.238414,30.585164,400
Kazakhstan,Afghanistan,67.709953,33.93911,548,66.923684,48.019573,398
Kazakhstan,Syria,38.996815,34.802075,15,66.923684,48.019573,398
Kazakhstan,Uzbekistan,64.585262,41.377491,14,66.923684,48.019573,398
Kazakhstan,China,104.195397,35.86166,7,66.923684,48.019573,398
Kenya,Somalia,46.199616,5.152149,251430,37.906193,-0.023559,404
Kenya,South Sudan,30,8,114389,37.906193,-0.023559,404
Kenya,DRC,21.758664,-4.038333,19567,37.906193,-0.023559,404
Kenya,Ethiopia,40.489673,9.145,17261,37.906193,-0.023559,404
Kenya,Sudan,30.217636,12.862807,3084,37.906193,-0.023559,404
Kenya,Burundi,29.918886,-3.373056,2875,37.906193,-0.023559,404
Kenya,Eritrea,39.782334,15.179384,711,37.906193,-0.023559,404
Kenya,Uganda,32.290275,1.373333,646,37.906193,-0.023559,404
Kenya,Rwanda,29.873888,-1.940278,611,37.906193,-0.023559,404
Kenya,Yemen,48.516388,15.552727,67,37.906193,-0.023559,404
Kuwait,Iraq,43.679291,33.223191,328,47.481766,29.31166,414
Kuwait,Somalia,46.199616,5.152149,228,47.481766,29.31166,414
Kuwait,Syria,38.996815,34.802075,44,47.481766,29.31166,414
Kuwait,Iran,53.688046,32.427908,9,47.481766,29.31166,414
Kyrgyzstan,Afghanistan,67.709953,33.93911,225,74.766098,41.20438,417
Kyrgyzstan,Syria,38.996815,34.802075,80,74.766098,41.20438,417
Kyrgyzstan,Ukraine,31.16558,48.379433,23,74.766098,41.20438,417
Latvia,Syria,38.996815,34.802075,382,24.603189,56.879635,428
Latvia,Afghanistan,67.709953,33.93911,65,24.603189,56.879635,428
Latvia,Iraq,43.679291,33.223191,38,24.603189,56.879635,428
Latvia,Eritrea,39.782334,15.179384,37,24.603189,56.879635,428
Latvia,Iran,53.688046,32.427908,23,24.603189,56.879635,428
Latvia,Russia,105.318756,61.52401,23,24.603189,56.879635,428
Latvia,Turkey,35.243322,38.963745,18,24.603189,56.879635,428
Latvia,Uzbekistan,64.585262,41.377491,9,24.603189,56.879635,428
Latvia,Kyrgyzstan,74.766098,41.20438,8,24.603189,56.879635,428
Latvia,Azerbaijan,47.576927,40.143105,6,24.603189,56.879635,428
Lebanon,Syria,38.996815,34.802075,968083,35.862285,33.854721,422
Lebanon,Iraq,43.679291,33.223191,5441,35.862285,33.854721,422
Lebanon,Sudan,30.217636,12.862807,728,35.862285,33.854721,422
Lebanon,Egypt,30.802498,26.820553,73,35.862285,33.854721,422
Lebanon,South Sudan,30,8,41,35.862285,33.854721,422
Lebanon,Ethiopia,40.489673,9.145,38,35.862285,33.854721,422
Lebanon,Iran,53.688046,32.427908,33,35.862285,33.854721,422
Lebanon,Jordan,36.238414,30.585164,33,35.862285,33.854721,422
Lebanon,Bahrain,50.637772,25.930414,26,35.862285,33.854721,422
Lebanon,Eritrea,39.782334,15.179384,19,35.862285,33.854721,422
Lesotho,DRC,21.758664,-4.038333,49,28.233608,-29.609988,426
Lesotho,Ethiopia,40.489673,9.145,12,28.233608,-29.609988,426
Lesotho,Uganda,32.290275,1.373333,6,28.233608,-29.609988,426
Lesotho,Eritrea,39.782334,15.179384,5,28.233608,-29.609988,426
Lesotho,Zimbabwe,29.154857,-19.015438,5,28.233608,-29.609988,426
Liberia,C̫te d'Ivoire,-5.54708,7.539989,9466,-9.429499,6.428055,430
Liberia,Mali,-3.996166,17.570692,19,-9.429499,6.428055,430
Liberia,DRC,21.758664,-4.038333,10,-9.429499,6.428055,430
Liberia,Syria,38.996815,34.802075,7,-9.429499,6.428055,430
Liberia,Sudan,30.217636,12.862807,5,-9.429499,6.428055,430
Liberia,Togo,0.824782,8.619543,5,-9.429499,6.428055,430
Libya,Palestine,34.308825,31.354676,5303,17.228331,26.3351,434
Libya,Iraq,43.679291,33.223191,2461,17.228331,26.3351,434
Libya,Sudan,30.217636,12.862807,629,17.228331,26.3351,434
Libya,Eritrea,39.782334,15.179384,471,17.228331,26.3351,434
Libya,Syria,38.996815,34.802075,257,17.228331,26.3351,434
Libya,Somalia,46.199616,5.152149,143,17.228331,26.3351,434
Libya,Ethiopia,40.489673,9.145,24,17.228331,26.3351,434
Libya,Liberia,-9.429499,6.428055,22,17.228331,26.3351,434
Libya,Chad,18.732207,15.454166,20,17.228331,26.3351,434
Libya,DRC,21.758664,-4.038333,16,17.228331,26.3351,434
Liechtenstein,Serb. & Kos.: S/RES/1244 (1999),21.005859,44.016521,36,9.555373,47.166,438
Liechtenstein,Syria,38.996815,34.802075,32,9.555373,47.166,438
Liechtenstein,China,104.195397,35.86166,29,9.555373,47.166,438
Liechtenstein,Somalia,46.199616,5.152149,29,9.555373,47.166,438
Liechtenstein,Eritrea,39.782334,15.179384,12,9.555373,47.166,438
Liechtenstein,Armenia,45.038189,40.069099,8,9.555373,47.166,438
Liechtenstein,Iraq,43.679291,33.223191,7,9.555373,47.166,438
Liechtenstein,Ukraine,31.16558,48.379433,5,9.555373,47.166,438
Lithuania,Russia,105.318756,61.52401,643,23.881275,55.169438,440
Lithuania,Syria,38.996815,34.802075,415,23.881275,55.169438,440
Lithuania,Afghanistan,67.709953,33.93911,216,23.881275,55.169438,440
Lithuania,Ukraine,31.16558,48.379433,64,23.881275,55.169438,440
Lithuania,Iraq,43.679291,33.223191,58,23.881275,55.169438,440
Lithuania,Tajikistan,71.276093,38.861034,45,23.881275,55.169438,440
Lithuania,Eritrea,39.782334,15.179384,40,23.881275,55.169438,440
Lithuania,Belarus,27.953389,53.709807,35,23.881275,55.169438,440
Lithuania,Somalia,46.199616,5.152149,22,23.881275,55.169438,440
Lithuania,Turkey,35.243322,38.963745,19,23.881275,55.169438,440
Luxembourg,Syria,38.996815,34.802075,686,6.129583,49.815273,442
Luxembourg,Iraq,43.679291,33.223191,280,6.129583,49.815273,442
Luxembourg,Serb. & Kos.: S/RES/1244 (1999),21.005859,44.016521,265,6.129583,49.815273,442
Luxembourg,Iran,53.688046,32.427908,148,6.129583,49.815273,442
Luxembourg,Albania,20.168331,41.153332,82,6.129583,49.815273,442
Luxembourg,Eritrea,39.782334,15.179384,79,6.129583,49.815273,442
Luxembourg,Somalia,46.199616,5.152149,44,6.129583,49.815273,442
Luxembourg,Afghanistan,67.709953,33.93911,43,6.129583,49.815273,442
Luxembourg,Ethiopia,40.489673,9.145,43,6.129583,49.815273,442
Luxembourg,DRC,21.758664,-4.038333,38,6.129583,49.815273,442
Macedonia,Serb. & Kos.: S/RES/1244 (1999),21.005859,44.016521,394,21.745275,41.608635,807
Macedonia,Syria,38.996815,34.802075,17,21.745275,41.608635,807
Madagascar,Yemen,48.516388,15.552727,22,46.869107,-18.766947,450
Madagascar,Pakistan,69.345116,30.375321,12,46.869107,-18.766947,450
Malawi,DRC,21.758664,-4.038333,9134,34.301525,-13.254308,454
Malawi,Burundi,29.918886,-3.373056,2467,34.301525,-13.254308,454
Malawi,Rwanda,29.873888,-1.940278,1996,34.301525,-13.254308,454
Malawi,Somalia,46.199616,5.152149,49,34.301525,-13.254308,454
Malawi,Ethiopia,40.489673,9.145,5,34.301525,-13.254308,454
Malaysia,Myanmar,95.956223,21.913965,106385,101.975766,4.210484,458
Malaysia,Pakistan,69.345116,30.375321,1292,101.975766,4.210484,458
Malaysia,Sri Lanka,80.771797,7.873054,956,101.975766,4.210484,458
Malaysia,Somalia,46.199616,5.152149,917,101.975766,4.210484,458
Malaysia,Indonesia,113.921327,-0.789275,908,101.975766,4.210484,458
Malaysia,Afghanistan,67.709953,33.93911,493,101.975766,4.210484,458
Malaysia,Iraq,43.679291,33.223191,451,101.975766,4.210484,458
Malaysia,Syria,38.996815,34.802075,381,101.975766,4.210484,458
Malaysia,Palestine,34.308825,31.354676,226,101.975766,4.210484,458
Malaysia,Iran,53.688046,32.427908,197,101.975766,4.210484,458
Mali,Mauritania,-10.940835,21.00789,15318,-3.996166,17.570692,466
Mali,Burkina Faso,-1.561593,12.238333,7374,-3.996166,17.570692,466
Mali,CAR,20.939444,6.611111,824,-3.996166,17.570692,466
Mali,C̫te d'Ivoire,-5.54708,7.539989,550,-3.996166,17.570692,466
Mali,DRC,21.758664,-4.038333,233,-3.996166,17.570692,466
Mali,Congo,15.827659,-0.228021,23,-3.996166,17.570692,466
Mali,Togo,0.824782,8.619543,14,-3.996166,17.570692,466
Mali,Syria,38.996815,34.802075,9,-3.996166,17.570692,466
Mali,Rwanda,29.873888,-1.940278,8,-3.996166,17.570692,466
Mali,Burundi,29.918886,-3.373056,7,-3.996166,17.570692,466
Malta,Libya,17.228331,26.3351,2579,14.375416,35.937496,470
Malta,Somalia,46.199616,5.152149,1748,14.375416,35.937496,470
Malta,Syria,38.996815,34.802075,1391,14.375416,35.937496,470
Malta,Eritrea,39.782334,15.179384,709,14.375416,35.937496,470
Malta,Sudan,30.217636,12.862807,188,14.375416,35.937496,470
Malta,Ethiopia,40.489673,9.145,169,14.375416,35.937496,470
Malta,Ukraine,31.16558,48.379433,130,14.375416,35.937496,470
Malta,Nigeria,8.675277,9.081999,117,14.375416,35.937496,470
Malta,Iraq,43.679291,33.223191,76,14.375416,35.937496,470
Malta,Egypt,30.802498,26.820553,74,14.375416,35.937496,470
Mauritania,Mali,-3.996166,17.570692,56494,-10.940835,21.00789,478
Mauritania,Western Sahara,-12.885834,24.215527,26001,-10.940835,21.00789,478
Mauritania,CAR,20.939444,6.611111,560,-10.940835,21.00789,478
Mauritania,Syria,38.996815,34.802075,465,-10.940835,21.00789,478
Mauritania,C̫te d'Ivoire,-5.54708,7.539989,259,-10.940835,21.00789,478
Mauritania,Senegal,-14.452362,14.497401,66,-10.940835,21.00789,478
Mauritania,DRC,21.758664,-4.038333,43,-10.940835,21.00789,478
Mauritania,Palestine,34.308825,31.354676,40,-10.940835,21.00789,478
Mauritania,Iraq,43.679291,33.223191,37,-10.940835,21.00789,478
Mauritania,Togo,0.824782,8.619543,31,-10.940835,21.00789,478
Mexico,El Salvador,-88.89653,13.794185,3357,-102.552784,23.634501,484
Mexico,Honduras,-86.241905,15.199999,2949,-102.552784,23.634501,484
Mexico,Venezuela (Bolivarian Republic of),-66.58973,6.42375,1220,-102.552784,23.634501,484
Mexico,Guatemala,-90.230759,15.783471,637,-102.552784,23.634501,484
Mexico,Colombia,-74.297333,4.570868,285,-102.552784,23.634501,484
Mexico,Haiti,-72.285215,18.971187,179,-102.552784,23.634501,484
Mexico,Cuba,-77.781167,21.521757,69,-102.552784,23.634501,484
Mexico,DRC,21.758664,-4.038333,68,-102.552784,23.634501,484
Mexico,Iraq,43.679291,33.223191,42,-102.552784,23.634501,484
Mexico,Iran,53.688046,32.427908,36,-102.552784,23.634501,484
Moldova,Syria,38.996815,34.802075,212,28.369885,47.411631,498
Moldova,Ukraine,31.16558,48.379433,59,28.369885,47.411631,498
Moldova,Iraq,43.679291,33.223191,21,28.369885,47.411631,498
Moldova,Armenia,45.038189,40.069099,19,28.369885,47.411631,498
Moldova,Afghanistan,67.709953,33.93911,17,28.369885,47.411631,498
Moldova,Kyrgyzstan,74.766098,41.20438,11,28.369885,47.411631,498
Moldova,Sudan,30.217636,12.862807,9,28.369885,47.411631,498
Moldova,Uzbekistan,64.585262,41.377491,9,28.369885,47.411631,498
Moldova,Tajikistan,71.276093,38.861034,7,28.369885,47.411631,498
Moldova,Palestine,34.308825,31.354676,5,28.369885,47.411631,498
Montenegro,Serb. & Kos.: S/RES/1244 (1999),21.005859,44.016521,770,19.37439,42.708678,499
Montenegro,Bos. & Herz.,17.679076,43.915886,25,19.37439,42.708678,499
Montenegro,Croatia,15.2,45.1,11,19.37439,42.708678,499
Montenegro,Yemen,48.516388,15.552727,11,19.37439,42.708678,499
Montenegro,Cuba,-77.781167,21.521757,7,19.37439,42.708678,499
Morocco,Syria,38.996815,34.802075,3063,-7.09262,31.791702,504
Morocco,Yemen,48.516388,15.552727,572,-7.09262,31.791702,504
Morocco,CAR,20.939444,6.611111,357,-7.09262,31.791702,504
Morocco,C̫te d'Ivoire,-5.54708,7.539989,324,-7.09262,31.791702,504
Morocco,DRC,21.758664,-4.038333,185,-7.09262,31.791702,504
Morocco,Iraq,43.679291,33.223191,152,-7.09262,31.791702,504
Morocco,Cameroon,12.354722,7.369722,93,-7.09262,31.791702,504
Morocco,Palestine,34.308825,31.354676,81,-7.09262,31.791702,504
Morocco,Senegal,-14.452362,14.497401,69,-7.09262,31.791702,504
Morocco,Guinea,-9.696645,9.945587,36,-7.09262,31.791702,504
Mozambique,DRC,21.758664,-4.038333,2990,35.529562,-18.665695,508
Mozambique,Burundi,29.918886,-3.373056,1031,35.529562,-18.665695,508
Mozambique,Rwanda,29.873888,-1.940278,782,35.529562,-18.665695,508
Mozambique,Somalia,46.199616,5.152149,160,35.529562,-18.665695,508
Mozambique,Congo,15.827659,-0.228021,13,35.529562,-18.665695,508
Mozambique,Uganda,32.290275,1.373333,7,35.529562,-18.665695,508
Namibia,DRC,21.758664,-4.038333,1745,18.49041,-22.95764,516
Namibia,Burundi,29.918886,-3.373056,232,18.49041,-22.95764,516
Namibia,Rwanda,29.873888,-1.940278,124,18.49041,-22.95764,516
Namibia,Zimbabwe,29.154857,-19.015438,53,18.49041,-22.95764,516
Namibia,Cameroon,12.354722,7.369722,5,18.49041,-22.95764,516
Namibia,Sudan,30.217636,12.862807,5,18.49041,-22.95764,516
Nauru,Iran,53.688046,32.427908,282,166.931503,-0.522778,520
Nauru,Sri Lanka,80.771797,7.873054,78,166.931503,-0.522778,520
Nauru,Somalia,46.199616,5.152149,56,166.931503,-0.522778,520
Nauru,Pakistan,69.345116,30.375321,51,166.931503,-0.522778,520
Nauru,Iraq,43.679291,33.223191,42,166.931503,-0.522778,520
Nauru,Afghanistan,67.709953,33.93911,31,166.931503,-0.522778,520
Nauru,Myanmar,95.956223,21.913965,11,166.931503,-0.522778,520
Nauru,Lebanon,35.862285,33.854721,10,166.931503,-0.522778,520
Nauru,Sudan,30.217636,12.862807,10,166.931503,-0.522778,520
Nauru,Bangladesh,90.356331,23.684994,8,166.931503,-0.522778,520
Nepal,Bhutan,90.433601,27.514162,6809,84.124008,28.394857,524
Nepal,Myanmar,95.956223,21.913965,286,84.124008,28.394857,524
Nepal,Pakistan,69.345116,30.375321,226,84.124008,28.394857,524
Nepal,Afghanistan,67.709953,33.93911,55,84.124008,28.394857,524
Nepal,Somalia,46.199616,5.152149,25,84.124008,28.394857,524
Nepal,Sri Lanka,80.771797,7.873054,20,84.124008,28.394857,524
Nepal,Bangladesh,90.356331,23.684994,10,84.124008,28.394857,524
Nepal,Iran,53.688046,32.427908,5,84.124008,28.394857,524
Netherlands,Syria,38.996815,34.802075,31459,5.291266,52.132633,528
Netherlands,Eritrea,39.782334,15.179384,14903,5.291266,52.132633,528
Netherlands,Somalia,46.199616,5.152149,14735,5.291266,52.132633,528
Netherlands,Iraq,43.679291,33.223191,10301,5.291266,52.132633,528
Netherlands,Afghanistan,67.709953,33.93911,6214,5.291266,52.132633,528
Netherlands,Iran,53.688046,32.427908,4857,5.291266,52.132633,528
Netherlands,China,104.195397,35.86166,1114,5.291266,52.132633,528
Netherlands,Sudan,30.217636,12.862807,791,5.291266,52.132633,528
Netherlands,Guinea,-9.696645,9.945587,668,5.291266,52.132633,528
Netherlands,Sri Lanka,80.771797,7.873054,662,5.291266,52.132633,528
New Zealand,China,104.195397,35.86166,175,174.885971,-40.900557,554
New Zealand,Iran,53.688046,32.427908,151,174.885971,-40.900557,554
New Zealand,Iraq,43.679291,33.223191,113,174.885971,-40.900557,554
New Zealand,Sri Lanka,80.771797,7.873054,72,174.885971,-40.900557,554
New Zealand,Syria,38.996815,34.802075,70,174.885971,-40.900557,554
New Zealand,Saudi Arabia,45.079162,23.885942,59,174.885971,-40.900557,554
New Zealand,Pakistan,69.345116,30.375321,58,174.885971,-40.900557,554
New Zealand,Turkey,35.243322,38.963745,53,174.885971,-40.900557,554
New Zealand,Afghanistan,67.709953,33.93911,42,174.885971,-40.900557,554
New Zealand,Fiji,179.414413,-16.578193,29,174.885971,-40.900557,554
Nicaragua,El Salvador,-88.89653,13.794185,217,-85.207229,12.865416,558
Nicaragua,Honduras,-86.241905,15.199999,74,-85.207229,12.865416,558
Nicaragua,Cuba,-77.781167,21.521757,15,-85.207229,12.865416,558
Nicaragua,Guatemala,-90.230759,15.783471,10,-85.207229,12.865416,558
Nicaragua,Colombia,-74.297333,4.570868,6,-85.207229,12.865416,558
Niger,Nigeria,8.675277,9.081999,118851,8.081666,17.607789,562
Niger,Mali,-3.996166,17.570692,58035,8.081666,17.607789,562
Niger,Chad,18.732207,15.454166,165,8.081666,17.607789,562
Niger,DRC,21.758664,-4.038333,74,8.081666,17.607789,562
Niger,CAR,20.939444,6.611111,53,8.081666,17.607789,562
Niger,C̫te d'Ivoire,-5.54708,7.539989,36,8.081666,17.607789,562
Niger,Rwanda,29.873888,-1.940278,18,8.081666,17.607789,562
Niger,Somalia,46.199616,5.152149,9,8.081666,17.607789,562
Niger,Sudan,30.217636,12.862807,9,8.081666,17.607789,562
Niger,Syria,38.996815,34.802075,7,8.081666,17.607789,562
Nigeria,Cameroon,12.354722,7.369722,23502,8.675277,9.081999,566
Nigeria,DRC,21.758664,-4.038333,619,8.675277,9.081999,566
Nigeria,CAR,20.939444,6.611111,414,8.675277,9.081999,566
Nigeria,Syria,38.996815,34.802075,191,8.675277,9.081999,566
Nigeria,Turkey,35.243322,38.963745,162,8.675277,9.081999,566
Nigeria,Mali,-3.996166,17.570692,137,8.675277,9.081999,566
Nigeria,C̫te d'Ivoire,-5.54708,7.539989,122,8.675277,9.081999,566
Nigeria,Chad,18.732207,15.454166,87,8.675277,9.081999,566
Nigeria,Sudan,30.217636,12.862807,49,8.675277,9.081999,566
Nigeria,Eritrea,39.782334,15.179384,25,8.675277,9.081999,566
Norway,Eritrea,39.782334,15.179384,15300,8.468946,60.472024,-99
Norway,Syria,38.996815,34.802075,13576,8.468946,60.472024,-99
Norway,Somalia,46.199616,5.152149,7355,8.468946,60.472024,-99
Norway,Afghanistan,67.709953,33.93911,6295,8.468946,60.472024,-99
Norway,Iraq,43.679291,33.223191,2282,8.468946,60.472024,-99
Norway,Ethiopia,40.489673,9.145,2045,8.468946,60.472024,-99
Norway,Iran,53.688046,32.427908,2012,8.468946,60.472024,-99
Norway,Sudan,30.217636,12.862807,1951,8.468946,60.472024,-99
Norway,Russia,105.318756,61.52401,879,8.468946,60.472024,-99
Norway,China,104.195397,35.86166,600,8.468946,60.472024,-99
Oman,Iraq,43.679291,33.223191,301,55.923255,21.512583,512
Oman,Syria,38.996815,34.802075,7,55.923255,21.512583,512
Pakistan,Afghanistan,67.709953,33.93911,1397113,69.345116,30.375321,586
Pakistan,Somalia,46.199616,5.152149,212,69.345116,30.375321,586
Pakistan,Yemen,48.516388,15.552727,116,69.345116,30.375321,586
Pakistan,Iran,53.688046,32.427908,39,69.345116,30.375321,586
Pakistan,Syria,38.996815,34.802075,29,69.345116,30.375321,586
Pakistan,Iraq,43.679291,33.223191,24,69.345116,30.375321,586
Pakistan,Algeria,1.659626,28.033886,22,69.345116,30.375321,586
Pakistan,Myanmar,95.956223,21.913965,22,69.345116,30.375321,586
Pakistan,Palestine,34.308825,31.354676,22,69.345116,30.375321,586
Pakistan,Russia,105.318756,61.52401,7,69.345116,30.375321,586
Panama,Colombia,-74.297333,4.570868,1678,-80.782127,8.537981,591
Panama,El Salvador,-88.89653,13.794185,317,-80.782127,8.537981,591
Panama,Nicaragua,-85.207229,12.865416,173,-80.782127,8.537981,591
Panama,Cuba,-77.781167,21.521757,120,-80.782127,8.537981,591
Panama,Venezuela (Bolivarian Republic of),-66.58973,6.42375,35,-80.782127,8.537981,591
Panama,Peru,-75.015152,-9.189967,23,-80.782127,8.537981,591
Panama,Haiti,-72.285215,18.971187,19,-80.782127,8.537981,591
Panama,Guatemala,-90.230759,15.783471,12,-80.782127,8.537981,591
Panama,Nigeria,8.675277,9.081999,10,-80.782127,8.537981,591
Panama,Cameroon,12.354722,7.369722,8,-80.782127,8.537981,591
PNG,Indonesia,113.921327,-0.789275,9368,143.95555,-6.314993,598
PNG,Iran,53.688046,32.427908,129,143.95555,-6.314993,598
PNG,Afghanistan,67.709953,33.93911,79,143.95555,-6.314993,598
PNG,Pakistan,69.345116,30.375321,75,143.95555,-6.314993,598
PNG,Sudan,30.217636,12.862807,68,143.95555,-6.314993,598
PNG,Iraq,43.679291,33.223191,39,143.95555,-6.314993,598
PNG,Somalia,46.199616,5.152149,33,143.95555,-6.314993,598
PNG,Sri Lanka,80.771797,7.873054,20,143.95555,-6.314993,598
PNG,Bangladesh,90.356331,23.684994,18,143.95555,-6.314993,598
PNG,Myanmar,95.956223,21.913965,13,143.95555,-6.314993,598
Paraguay,Cuba,-77.781167,21.521757,68,-58.443832,-23.442503,600
Paraguay,Syria,38.996815,34.802075,56,-58.443832,-23.442503,600
Paraguay,Colombia,-74.297333,4.570868,35,-58.443832,-23.442503,600
Paraguay,Bolivia (Plurinational State of),-63.588653,-16.290154,17,-58.443832,-23.442503,600
Paraguay,Venezuela (Bolivarian Republic of),-66.58973,6.42375,10,-58.443832,-23.442503,600
Paraguay,Russia,105.318756,61.52401,8,-58.443832,-23.442503,600
Paraguay,Iraq,43.679291,33.223191,6,-58.443832,-23.442503,600
Paraguay,Viet Nam,108.277199,14.058324,6,-58.443832,-23.442503,600
Peru,Colombia,-74.297333,4.570868,613,-75.015152,-9.189967,604
Peru,Cuba,-77.781167,21.521757,606,-75.015152,-9.189967,604
Peru,Venezuela (Bolivarian Republic of),-66.58973,6.42375,344,-75.015152,-9.189967,604
Peru,Serb. & Kos.: S/RES/1244 (1999),21.005859,44.016521,64,-75.015152,-9.189967,604
Peru,Haiti,-72.285215,18.971187,52,-75.015152,-9.189967,604
Peru,Syria,38.996815,34.802075,41,-75.015152,-9.189967,604
Peru,Palestine,34.308825,31.354676,36,-75.015152,-9.189967,604
Peru,Bangladesh,90.356331,23.684994,20,-75.015152,-9.189967,604
Peru,Iraq,43.679291,33.223191,17,-75.015152,-9.189967,604
Peru,Nigeria,8.675277,9.081999,16,-75.015152,-9.189967,604
Philippines,Syria,38.996815,34.802075,87,121.774017,12.879721,608
Philippines,Pakistan,69.345116,30.375321,79,121.774017,12.879721,608
Philippines,Iran,53.688046,32.427908,69,121.774017,12.879721,608
Philippines,Palestine,34.308825,31.354676,50,121.774017,12.879721,608
Philippines,Iraq,43.679291,33.223191,46,121.774017,12.879721,608
Philippines,Somalia,46.199616,5.152149,28,121.774017,12.879721,608
Philippines,C̫te d'Ivoire,-5.54708,7.539989,21,121.774017,12.879721,608
Philippines,Sri Lanka,80.771797,7.873054,20,121.774017,12.879721,608
Philippines,Rwanda,29.873888,-1.940278,19,121.774017,12.879721,608
Philippines,Viet Nam,108.277199,14.058324,18,121.774017,12.879721,608
Poland,Russia,105.318756,61.52401,9902,19.145136,51.919438,616
Poland,Syria,38.996815,34.802075,522,19.145136,51.919438,616
Poland,Ukraine,31.16558,48.379433,433,19.145136,51.919438,616
Poland,Iraq,43.679291,33.223191,245,19.145136,51.919438,616
Poland,Belarus,27.953389,53.709807,189,19.145136,51.919438,616
Poland,Afghanistan,67.709953,33.93911,106,19.145136,51.919438,616
Poland,Armenia,45.038189,40.069099,78,19.145136,51.919438,616
Poland,Georgia,43.356892,42.315407,71,19.145136,51.919438,616
Poland,Tajikistan,71.276093,38.861034,69,19.145136,51.919438,616
Poland,Egypt,30.802498,26.820553,65,19.145136,51.919438,616
Portugal,Syria,38.996815,34.802075,443,-8.224454,39.399872,620
Portugal,Ukraine,31.16558,48.379433,387,-8.224454,39.399872,620
Portugal,Eritrea,39.782334,15.179384,165,-8.224454,39.399872,620
Portugal,Guinea,-9.696645,9.945587,101,-8.224454,39.399872,620
Portugal,Iraq,43.679291,33.223191,97,-8.224454,39.399872,620
Portugal,Colombia,-74.297333,4.570868,62,-8.224454,39.399872,620
Portugal,Pakistan,69.345116,30.375321,61,-8.224454,39.399872,620
Portugal,DRC,21.758664,-4.038333,59,-8.224454,39.399872,620
Portugal,Sri Lanka,80.771797,7.873054,45,-8.224454,39.399872,620
Portugal,Somalia,46.199616,5.152149,42,-8.224454,39.399872,620
Qatar,Iraq,43.679291,33.223191,137,51.183884,25.354826,634
Qatar,Syria,38.996815,34.802075,34,51.183884,25.354826,634
Qatar,Egypt,30.802498,26.820553,9,51.183884,25.354826,634
Qatar,Somalia,46.199616,5.152149,8,51.183884,25.354826,634
Congo,CAR,20.939444,6.611111,26879,15.827659,-0.228021,178
Congo,DRC,21.758664,-4.038333,12390,15.827659,-0.228021,178
Congo,Rwanda,29.873888,-1.940278,949,15.827659,-0.228021,178
Congo,Angola,17.873887,-11.202692,318,15.827659,-0.228021,178
Congo,Burundi,29.918886,-3.373056,98,15.827659,-0.228021,178
Congo,Chad,18.732207,15.454166,38,15.827659,-0.228021,178
Congo,Sudan,30.217636,12.862807,30,15.827659,-0.228021,178
Congo,Syria,38.996815,34.802075,9,15.827659,-0.228021,178
Congo,Mali,-3.996166,17.570692,6,15.827659,-0.228021,178
Congo,Nigeria,8.675277,9.081999,5,15.827659,-0.228021,178
Serbia,Croatia,15.2,45.1,19043,21.005859,44.016521,688
Serbia,Bos. & Herz.,17.679076,43.915886,8765,21.005859,44.016521,688
Serbia,Afghanistan,67.709953,33.93911,1129,21.005859,44.016521,688
Serbia,Iran,53.688046,32.427908,550,21.005859,44.016521,688
Serbia,Iraq,43.679291,33.223191,330,21.005859,44.016521,688
Serbia,Syria,38.996815,34.802075,78,21.005859,44.016521,688
Serbia,Libya,17.228331,26.3351,37,21.005859,44.016521,688
Serbia,Ukraine,31.16558,48.379433,15,21.005859,44.016521,688
Serbia,Turkey,35.243322,38.963745,6,21.005859,44.016521,688
Serbia,Cuba,-77.781167,21.521757,5,21.005859,44.016521,688
Romania,Syria,38.996815,34.802075,2291,24.96676,45.943161,642
Romania,Iraq,43.679291,33.223191,924,24.96676,45.943161,642
Romania,Afghanistan,67.709953,33.93911,153,24.96676,45.943161,642
Romania,Iran,53.688046,32.427908,79,24.96676,45.943161,642
Romania,Eritrea,39.782334,15.179384,57,24.96676,45.943161,642
Romania,Palestine,34.308825,31.354676,44,24.96676,45.943161,642
Romania,Somalia,46.199616,5.152149,43,24.96676,45.943161,642
Romania,Pakistan,69.345116,30.375321,39,24.96676,45.943161,642
Romania,Ukraine,31.16558,48.379433,32,24.96676,45.943161,642
Romania,Myanmar,95.956223,21.913965,31,24.96676,45.943161,642
Russia,Ukraine,31.16558,48.379433,101986,105.318756,61.52401,643
Russia,Syria,38.996815,34.802075,1211,105.318756,61.52401,643
Russia,Afghanistan,67.709953,33.93911,784,105.318756,61.52401,643
Russia,Georgia,43.356892,42.315407,179,105.318756,61.52401,643
Russia,Yemen,48.516388,15.552727,83,105.318756,61.52401,643
Russia,North Korea,127.510093,40.339852,70,105.318756,61.52401,643
Russia,Uzbekistan,64.585262,41.377491,67,105.318756,61.52401,643
Russia,Rep. of Moldova,28.369885,47.411631,28,105.318756,61.52401,643
Russia,Tajikistan,71.276093,38.861034,26,105.318756,61.52401,643
Russia,Iraq,43.679291,33.223191,23,105.318756,61.52401,643
Rwanda,DRC,21.758664,-4.038333,80813,29.873888,-1.940278,646
Rwanda,Burundi,29.918886,-3.373056,67202,29.873888,-1.940278,646
Rwanda,Angola,17.873887,-11.202692,8,29.873888,-1.940278,646
Rwanda,South Sudan,30,8,7,29.873888,-1.940278,646
Rwanda,Chad,18.732207,15.454166,5,29.873888,-1.940278,646
Rwanda,Eritrea,39.782334,15.179384,5,29.873888,-1.940278,646
Rwanda,Somalia,46.199616,5.152149,5,29.873888,-1.940278,646
Rwanda,Uganda,32.290275,1.373333,5,29.873888,-1.940278,646
Saudi Arabia,Iraq,43.679291,33.223191,32,45.079162,23.885942,682
Saudi Arabia,Eritrea,39.782334,15.179384,31,45.079162,23.885942,682
Saudi Arabia,Syria,38.996815,34.802075,17,45.079162,23.885942,682
Saudi Arabia,Somalia,46.199616,5.152149,16,45.079162,23.885942,682
Saudi Arabia,China,104.195397,35.86166,14,45.079162,23.885942,682
Saudi Arabia,Chad,18.732207,15.454166,9,45.079162,23.885942,682
Saudi Arabia,Palestine,34.308825,31.354676,9,45.079162,23.885942,682
Saudi Arabia,Yemen,48.516388,15.552727,9,45.079162,23.885942,682
Saudi Arabia,Liberia,-9.429499,6.428055,7,45.079162,23.885942,682
Saudi Arabia,Tunisia,9.537499,33.886917,6,45.079162,23.885942,682
Senegal,Mauritania,-10.940835,21.00789,13779,-14.452362,14.497401,686
Senegal,CAR,20.939444,6.611111,313,-14.452362,14.497401,686
Senegal,Rwanda,29.873888,-1.940278,274,-14.452362,14.497401,686
Senegal,Liberia,-9.429499,6.428055,61,-14.452362,14.497401,686
Senegal,Burundi,29.918886,-3.373056,60,-14.452362,14.497401,686
Senegal,Gambia,-15.310139,13.443182,47,-14.452362,14.497401,686
Senegal,C̫te d'Ivoire,-5.54708,7.539989,39,-14.452362,14.497401,686
Senegal,DRC,21.758664,-4.038333,30,-14.452362,14.497401,686
Senegal,Congo,15.827659,-0.228021,19,-14.452362,14.497401,686
Senegal,Chad,18.732207,15.454166,18,-14.452362,14.497401,686
Sierra Leone,Liberia,-9.429499,6.428055,660,-11.779889,8.460555,694
Sierra Leone,C̫te d'Ivoire,-5.54708,7.539989,17,-11.779889,8.460555,694
Sierra Leone,Sudan,30.217636,12.862807,8,-11.779889,8.460555,694
Slovakia,Afghanistan,67.709953,33.93911,251,19.699024,48.669026,703
Slovakia,Iraq,43.679291,33.223191,210,19.699024,48.669026,703
Slovakia,Serb. & Kos.: S/RES/1244 (1999),21.005859,44.016521,46,19.699024,48.669026,703
Slovakia,Cuba,-77.781167,21.521757,40,19.699024,48.669026,703
Slovakia,Romania,24.96676,45.943161,37,19.699024,48.669026,703
Slovakia,Russia,105.318756,61.52401,37,19.699024,48.669026,703
Slovakia,Bos. & Herz.,17.679076,43.915886,36,19.699024,48.669026,703
Slovakia,Armenia,45.038189,40.069099,34,19.699024,48.669026,703
Slovakia,Somalia,46.199616,5.152149,31,19.699024,48.669026,703
Slovakia,Iran,53.688046,32.427908,28,19.699024,48.669026,703
Slovakia,Angola,17.873887,-11.202692,24,19.699024,48.669026,703
Slovenia,Syria,38.996815,34.802075,220,14.995463,46.151241,705
Slovenia,Eritrea,39.782334,15.179384,81,14.995463,46.151241,705
Slovenia,Iran,53.688046,32.427908,66,14.995463,46.151241,705
Slovenia,Serb. & Kos.: S/RES/1244 (1999),21.005859,44.016521,65,14.995463,46.151241,705
Slovenia,Somalia,46.199616,5.152149,48,14.995463,46.151241,705
Slovenia,Afghanistan,67.709953,33.93911,45,14.995463,46.151241,705
Slovenia,Iraq,43.679291,33.223191,40,14.995463,46.151241,705
Slovenia,Kazakhstan,66.923684,48.019573,19,14.995463,46.151241,705
Slovenia,Russia,105.318756,61.52401,15,14.995463,46.151241,705
Slovenia,Palestine,34.308825,31.354676,12,14.995463,46.151241,705
Somalia,Yemen,48.516388,15.552727,11437,46.199616,5.152149,706
Somalia,Ethiopia,40.489673,9.145,3703,46.199616,5.152149,706
Somalia,Syria,38.996815,34.802075,190,46.199616,5.152149,706
Somalia,Eritrea,39.782334,15.179384,50,46.199616,5.152149,706
Somalia,Palestine,34.308825,31.354676,18,46.199616,5.152149,706
Somalia,Iraq,43.679291,33.223191,14,46.199616,5.152149,706
Somalia,Bangladesh,90.356331,23.684994,6,46.199616,5.152149,706
South Africa,Somalia,46.199616,5.152149,27113,22.937506,-30.559482,710
South Africa,DRC,21.758664,-4.038333,26263,22.937506,-30.559482,710
South Africa,Ethiopia,40.489673,9.145,17726,22.937506,-30.559482,710
South Africa,Congo,15.827659,-0.228021,5273,22.937506,-30.559482,710
South Africa,Zimbabwe,29.154857,-19.015438,4561,22.937506,-30.559482,710
South Africa,Burundi,29.918886,-3.373056,3033,22.937506,-30.559482,710
South Africa,Eritrea,39.782334,15.179384,1943,22.937506,-30.559482,710
South Africa,Rwanda,29.873888,-1.940278,1297,22.937506,-30.559482,710
South Africa,Uganda,32.290275,1.373333,549,22.937506,-30.559482,710
South Africa,Cameroon,12.354722,7.369722,392,22.937506,-30.559482,710
South Korea,Syria,38.996815,34.802075,1168,127.766922,35.907757,410
South Korea,Myanmar,95.956223,21.913965,297,127.766922,35.907757,410
South Korea,Ethiopia,40.489673,9.145,143,127.766922,35.907757,410
South Korea,Bangladesh,90.356331,23.684994,101,127.766922,35.907757,410
South Korea,Pakistan,69.345116,30.375321,92,127.766922,35.907757,410
South Korea,Yemen,48.516388,15.552727,62,127.766922,35.907757,410
South Korea,DRC,21.758664,-4.038333,56,127.766922,35.907757,410
South Korea,Iran,53.688046,32.427908,49,127.766922,35.907757,410
South Korea,China,104.195397,35.86166,40,127.766922,35.907757,410
South Korea,Afghanistan,67.709953,33.93911,38,127.766922,35.907757,410
South Sudan,Sudan,30.217636,12.862807,275752,30,8,728
South Sudan,DRC,21.758664,-4.038333,15296,30,8,728
South Sudan,Ethiopia,40.489673,9.145,4121,30,8,728
South Sudan,CAR,20.939444,6.611111,1890,30,8,728
South Sudan,Eritrea,39.782334,15.179384,82,30,8,728
Spain,Syria,38.996815,34.802075,12397,-3.74922,40.463667,724
Spain,Palestine,34.308825,31.354676,949,-3.74922,40.463667,724
Spain,Cuba,-77.781167,21.521757,891,-3.74922,40.463667,724
Spain,Somalia,46.199616,5.152149,617,-3.74922,40.463667,724
Spain,Ukraine,31.16558,48.379433,485,-3.74922,40.463667,724
Spain,Pakistan,69.345116,30.375321,374,-3.74922,40.463667,724
Spain,Iraq,43.679291,33.223191,342,-3.74922,40.463667,724
Spain,Afghanistan,67.709953,33.93911,307,-3.74922,40.463667,724
Spain,Eritrea,39.782334,15.179384,243,-3.74922,40.463667,724
Spain,C̫te d'Ivoire,-5.54708,7.539989,193,-3.74922,40.463667,724
Sri Lanka,Pakistan,69.345116,30.375321,570,80.771797,7.873054,144
Sri Lanka,Afghanistan,67.709953,33.93911,137,80.771797,7.873054,144
Sri Lanka,Myanmar,95.956223,21.913965,35,80.771797,7.873054,144
Sri Lanka,Iran,53.688046,32.427908,15,80.771797,7.873054,144
Sri Lanka,Syria,38.996815,34.802075,14,80.771797,7.873054,144
Sri Lanka,Yemen,48.516388,15.552727,13,80.771797,7.873054,144
Sri Lanka,Palestine,34.308825,31.354676,9,80.771797,7.873054,144
Sri Lanka,Maldives,101.975766,4.210484,7,80.771797,7.873054,144
Sudan,South Sudan,30,8,768125,30.217636,12.862807,729
Sudan,Eritrea,39.782334,15.179384,112296,30.217636,12.862807,729
Sudan,Syria,38.996815,34.802075,12406,30.217636,12.862807,729
Sudan,Ethiopia,40.489673,9.145,5761,30.217636,12.862807,729
Sudan,CAR,20.939444,6.611111,5054,30.217636,12.862807,729
Sudan,Chad,18.732207,15.454166,4230,30.217636,12.862807,729
Sudan,Yemen,48.516388,15.552727,279,30.217636,12.862807,729
Sudan,Somalia,46.199616,5.152149,278,30.217636,12.862807,729
Sudan,DRC,21.758664,-4.038333,108,30.217636,12.862807,729
Sudan,Palestine,34.308825,31.354676,55,30.217636,12.862807,729
Suriname,Cuba,-77.781167,21.521757,38,-56.027783,3.919305,740
Suriname,Jamaica,-77.297508,18.109581,5,-56.027783,3.919305,740
Swaziland,DRC,21.758664,-4.038333,364,31.465866,-26.522503,748
Swaziland,Burundi,29.918886,-3.373056,176,31.465866,-26.522503,748
Swaziland,Rwanda,29.873888,-1.940278,160,31.465866,-26.522503,748
Swaziland,Somalia,46.199616,5.152149,90,31.465866,-26.522503,748
Swaziland,Angola,17.873887,-11.202692,11,31.465866,-26.522503,748
Swaziland,Congo,15.827659,-0.228021,9,31.465866,-26.522503,748
Swaziland,Ethiopia,40.489673,9.145,7,31.465866,-26.522503,748
Swaziland,Zimbabwe,29.154857,-19.015438,7,31.465866,-26.522503,748
Swaziland,Uganda,32.290275,1.373333,6,31.465866,-26.522503,748
Sweden,Syria,38.996815,34.802075,104897,18.643501,60.128161,752
Sweden,Afghanistan,67.709953,33.93911,27288,18.643501,60.128161,752
Sweden,Eritrea,39.782334,15.179384,27241,18.643501,60.128161,752
Sweden,Somalia,46.199616,5.152149,21541,18.643501,60.128161,752
Sweden,Iraq,43.679291,33.223191,14214,18.643501,60.128161,752
Sweden,Iran,53.688046,32.427908,6253,18.643501,60.128161,752
Sweden,Ethiopia,40.489673,9.145,2100,18.643501,60.128161,752
Sweden,Russia,105.318756,61.52401,1597,18.643501,60.128161,752
Sweden,Serb. & Kos.: S/RES/1244 (1999),21.005859,44.016521,1281,18.643501,60.128161,752
Sweden,Yemen,48.516388,15.552727,1195,18.643501,60.128161,752
Switzerland,Eritrea,39.782334,15.179384,32706,8.227512,46.818188,756
Switzerland,Syria,38.996815,34.802075,15032,8.227512,46.818188,756
Switzerland,Afghanistan,67.709953,33.93911,10084,8.227512,46.818188,756
Switzerland,Sri Lanka,80.771797,7.873054,5672,8.227512,46.818188,756
Switzerland,Somalia,46.199616,5.152149,4593,8.227512,46.818188,756
Switzerland,Iraq,43.679291,33.223191,4215,8.227512,46.818188,756
Switzerland,Turkey,35.243322,38.963745,3459,8.227512,46.818188,756
Switzerland,China,104.195397,35.86166,2962,8.227512,46.818188,756
Switzerland,Serb. & Kos.: S/RES/1244 (1999),21.005859,44.016521,2687,8.227512,46.818188,756
Switzerland,Bos. & Herz.,17.679076,43.915886,1956,8.227512,46.818188,756
Syria,Iraq,43.679291,33.223191,15410,38.996815,34.802075,760
Syria,Afghanistan,67.709953,33.93911,1211,38.996815,34.802075,760
Syria,Sudan,30.217636,12.862807,758,38.996815,34.802075,760
Syria,Somalia,46.199616,5.152149,381,38.996815,34.802075,760
Syria,Pakistan,69.345116,30.375321,175,38.996815,34.802075,760
Syria,Yemen,48.516388,15.552727,150,38.996815,34.802075,760
Syria,South Sudan,30,8,106,38.996815,34.802075,760
Syria,Guinea,-9.696645,9.945587,53,38.996815,34.802075,760
Syria,Iran,53.688046,32.427908,45,38.996815,34.802075,760
Syria,Egypt,30.802498,26.820553,32,38.996815,34.802075,760
Tajikistan,Afghanistan,67.709953,33.93911,2638,71.276093,38.861034,762
Thailand,Myanmar,95.956223,21.913965,97444,100.992541,15.870032,764
Thailand,Pakistan,69.345116,30.375321,2053,100.992541,15.870032,764
Thailand,Viet Nam,108.277199,14.058324,647,100.992541,15.870032,764
Thailand,Palestine,34.308825,31.354676,392,100.992541,15.870032,764
Thailand,Syria,38.996815,34.802075,317,100.992541,15.870032,764
Thailand,Iraq,43.679291,33.223191,277,100.992541,15.870032,764
Thailand,Somalia,46.199616,5.152149,235,100.992541,15.870032,764
Thailand,China,104.195397,35.86166,190,100.992541,15.870032,764
Thailand,Cambodia,104.990963,12.565679,189,100.992541,15.870032,764
Thailand,Sri Lanka,80.771797,7.873054,143,100.992541,15.870032,764
Togo,Ghana,-1.023194,7.946527,9727,0.824782,8.619543,768
Togo,C̫te d'Ivoire,-5.54708,7.539989,1951,0.824782,8.619543,768
Togo,CAR,20.939444,6.611111,356,0.824782,8.619543,768
Togo,Rwanda,29.873888,-1.940278,138,0.824782,8.619543,768
Togo,DRC,21.758664,-4.038333,99,0.824782,8.619543,768
Togo,Mali,-3.996166,17.570692,91,0.824782,8.619543,768
Togo,Congo,15.827659,-0.228021,27,0.824782,8.619543,768
Togo,Chad,18.732207,15.454166,17,0.824782,8.619543,768
Togo,Nigeria,8.675277,9.081999,8,0.824782,8.619543,768
Togo,Iraq,43.679291,33.223191,5,0.824782,8.619543,768
Trin. & Tob.,Cuba,-77.781167,21.521757,118,-61.222503,10.691803,780
Trin. & Tob.,Syria,38.996815,34.802075,57,-61.222503,10.691803,780
Trin. & Tob.,Venezuela (Bolivarian Republic of),-66.58973,6.42375,51,-61.222503,10.691803,780
Trin. & Tob.,Jamaica,-77.297508,18.109581,25,-61.222503,10.691803,780
Trin. & Tob.,Colombia,-74.297333,4.570868,15,-61.222503,10.691803,780
Trin. & Tob.,Pakistan,69.345116,30.375321,10,-61.222503,10.691803,780
Trin. & Tob.,Bangladesh,90.356331,23.684994,9,-61.222503,10.691803,780
Trin. & Tob.,Mexico,-102.552784,23.634501,6,-61.222503,10.691803,780
Tunisia,Syria,38.996815,34.802075,754,9.537499,33.886917,788
Tunisia,Palestine,34.308825,31.354676,33,9.537499,33.886917,788
Tunisia,Sudan,30.217636,12.862807,25,9.537499,33.886917,788
Tunisia,Iraq,43.679291,33.223191,15,9.537499,33.886917,788
Tunisia,Algeria,1.659626,28.033886,9,9.537499,33.886917,788
Tunisia,Iran,53.688046,32.427908,6,9.537499,33.886917,788
Tunisia,Rwanda,29.873888,-1.940278,6,9.537499,33.886917,788
Tunisia,CAR,20.939444,6.611111,5,9.537499,33.886917,788
Tunisia,Somalia,46.199616,5.152149,5,9.537499,33.886917,788
Turkey,Syria,38.996815,34.802075,3562523,35.243322,38.963745,792
Turkey,Iraq,43.679291,33.223191,38711,35.243322,38.963745,792
Turkey,Iran,53.688046,32.427908,8764,35.243322,38.963745,792
Turkey,Afghanistan,67.709953,33.93911,6355,35.243322,38.963745,792
Turkey,Somalia,46.199616,5.152149,2220,35.243322,38.963745,792
Turkey,Palestine,34.308825,31.354676,1222,35.243322,38.963745,792
Turkey,Sudan,30.217636,12.862807,266,35.243322,38.963745,792
Turkey,Kyrgyzstan,74.766098,41.20438,178,35.243322,38.963745,792
Turkey,Yemen,48.516388,15.552727,175,35.243322,38.963745,792
Turkey,Ethiopia,40.489673,9.145,78,35.243322,38.963745,792
Turkmenistan,Afghanistan,67.709953,33.93911,14,59.556278,38.969719,795
Turkmenistan,Azerbaijan,47.576927,40.143105,8,59.556278,38.969719,795
Uganda,South Sudan,30,8,784531,32.290275,1.373333,800
Uganda,DRC,21.758664,-4.038333,275075,32.290275,1.373333,800
Uganda,Burundi,29.918886,-3.373056,31152,32.290275,1.373333,800
Uganda,Somalia,46.199616,5.152149,18678,32.290275,1.373333,800
Uganda,Rwanda,29.873888,-1.940278,13773,32.290275,1.373333,800
Uganda,Eritrea,39.782334,15.179384,3330,32.290275,1.373333,800
Uganda,Sudan,30.217636,12.862807,2749,32.290275,1.373333,800
Uganda,Ethiopia,40.489673,9.145,1689,32.290275,1.373333,800
Uganda,Pakistan,69.345116,30.375321,214,32.290275,1.373333,800
Uganda,Kenya,37.906193,-0.023559,191,32.290275,1.373333,800
Ukraine,Afghanistan,67.709953,33.93911,1364,31.16558,48.379433,804
Ukraine,Syria,38.996815,34.802075,495,31.16558,48.379433,804
Ukraine,Armenia,45.038189,40.069099,192,31.16558,48.379433,804
Ukraine,Russia,105.318756,61.52401,157,31.16558,48.379433,804
Ukraine,Azerbaijan,47.576927,40.143105,148,31.16558,48.379433,804
Ukraine,Somalia,46.199616,5.152149,132,31.16558,48.379433,804
Ukraine,Iraq,43.679291,33.223191,92,31.16558,48.379433,804
Ukraine,DRC,21.758664,-4.038333,68,31.16558,48.379433,804
Ukraine,Sudan,30.217636,12.862807,60,31.16558,48.379433,804
Ukraine,Uzbekistan,64.585262,41.377491,60,31.16558,48.379433,804
UAE,Iraq,43.679291,33.223191,724,53.847818,23.424076,784
UAE,Syria,38.996815,34.802075,162,53.847818,23.424076,784
UAE,Somalia,46.199616,5.152149,17,53.847818,23.424076,784
UAE,Lebanon,35.862285,33.854721,14,53.847818,23.424076,784
UAE,Ethiopia,40.489673,9.145,11,53.847818,23.424076,784
UAE,Sudan,30.217636,12.862807,8,53.847818,23.424076,784
UAE,Iran,53.688046,32.427908,7,53.847818,23.424076,784
UAE,Afghanistan,67.709953,33.93911,5,53.847818,23.424076,784
UAE,Liberia,-9.429499,6.428055,5,53.847818,23.424076,784
UK,Iran,53.688046,32.427908,16220,-3.435973,55.378051,826
UK,Eritrea,39.782334,15.179384,13226,-3.435973,55.378051,826
UK,Afghanistan,67.709953,33.93911,9559,-3.435973,55.378051,826
UK,Syria,38.996815,34.802075,9428,-3.435973,55.378051,826
UK,Sudan,30.217636,12.862807,8290,-3.435973,55.378051,826
UK,Zimbabwe,29.154857,-19.015438,7481,-3.435973,55.378051,826
UK,Pakistan,69.345116,30.375321,7277,-3.435973,55.378051,826
UK,Sri Lanka,80.771797,7.873054,5606,-3.435973,55.378051,826
UK,Somalia,46.199616,5.152149,4276,-3.435973,55.378051,826
UK,Iraq,43.679291,33.223191,4171,-3.435973,55.378051,826
Tanzania,Burundi,29.918886,-3.373056,237902,34.888822,-6.369028,834
Tanzania,DRC,21.758664,-4.038333,57571,34.888822,-6.369028,834
Tanzania,Somalia,46.199616,5.152149,150,34.888822,-6.369028,834
USA,China,104.195397,35.86166,75937,-95.712891,37.09024,840
USA,El Salvador,-88.89653,13.794185,20675,-95.712891,37.09024,840
USA,Haiti,-72.285215,18.971187,16624,-95.712891,37.09024,840
USA,Guatemala,-90.230759,15.783471,16562,-95.712891,37.09024,840
USA,Egypt,30.802498,26.820553,12548,-95.712891,37.09024,840
USA,Honduras,-86.241905,15.199999,11549,-95.712891,37.09024,840
USA,Ethiopia,40.489673,9.145,9797,-95.712891,37.09024,840
USA,Mexico,-102.552784,23.634501,8553,-95.712891,37.09024,840
USA,Venezuela (Bolivarian Republic of),-66.58973,6.42375,8074,-95.712891,37.09024,840
USA,Syria,38.996815,34.802075,7620,-95.712891,37.09024,840
Uruguay,Colombia,-74.297333,4.570868,142,-55.765835,-32.522779,858
Uruguay,Syria,38.996815,34.802075,61,-55.765835,-32.522779,858
Uruguay,El Salvador,-88.89653,13.794185,18,-55.765835,-32.522779,858
Uruguay,Nigeria,8.675277,9.081999,13,-55.765835,-32.522779,858
Uruguay,Cuba,-77.781167,21.521757,12,-55.765835,-32.522779,858
Uruguay,Russia,105.318756,61.52401,12,-55.765835,-32.522779,858
Uruguay,Ukraine,31.16558,48.379433,11,-55.765835,-32.522779,858
Uruguay,Cameroon,12.354722,7.369722,8,-55.765835,-32.522779,858
Uruguay,Ecuador,-78.183406,-1.831239,7,-55.765835,-32.522779,858
Uruguay,Peru,-75.015152,-9.189967,6,-55.765835,-32.522779,858
Uzbekistan,Afghanistan,67.709953,33.93911,13,64.585262,41.377491,860
Venezuela,Colombia,-74.297333,4.570868,122741,-66.58973,6.42375,862
Venezuela,Iraq,43.679291,33.223191,18,-66.58973,6.42375,862
Venezuela,Lebanon,35.862285,33.854721,12,-66.58973,6.42375,862
Venezuela,Western Sahara,-12.885834,24.215527,11,-66.58973,6.42375,862
Venezuela,Afghanistan,67.709953,33.93911,10,-66.58973,6.42375,862
Venezuela,Chile,-71.542969,-35.675147,10,-66.58973,6.42375,862
Venezuela,Liberia,-9.429499,6.428055,9,-66.58973,6.42375,862
Venezuela,Haiti,-72.285215,18.971187,7,-66.58973,6.42375,862
Venezuela,Nigeria,8.675277,9.081999,7,-66.58973,6.42375,862
Venezuela,Palestine,34.308825,31.354676,7,-66.58973,6.42375,862
Yemen,Somalia,46.199616,5.152149,256363,48.516388,15.552727,887
Yemen,Ethiopia,40.489673,9.145,6297,48.516388,15.552727,887
Yemen,Iraq,43.679291,33.223191,3338,48.516388,15.552727,887
Yemen,Syria,38.996815,34.802075,3294,48.516388,15.552727,887
Yemen,Eritrea,39.782334,15.179384,1454,48.516388,15.552727,887
Yemen,Palestine,34.308825,31.354676,620,48.516388,15.552727,887
Yemen,Sudan,30.217636,12.862807,124,48.516388,15.552727,887
Yemen,Egypt,30.802498,26.820553,16,48.516388,15.552727,887
Yemen,Viet Nam,108.277199,14.058324,15,48.516388,15.552727,887
Yemen,Jordan,36.238414,30.585164,12,48.516388,15.552727,887
Zambia,DRC,21.758664,-4.038333,38712,27.849332,-13.133897,894
Zambia,Burundi,29.918886,-3.373056,3811,27.849332,-13.133897,894
Zambia,Somalia,46.199616,5.152149,2380,27.849332,-13.133897,894
Zambia,Rwanda,29.873888,-1.940278,735,27.849332,-13.133897,894
Zambia,Turkey,35.243322,38.963745,32,27.849332,-13.133897,894
Zambia,Sudan,30.217636,12.862807,25,27.849332,-13.133897,894
Zambia,Uganda,32.290275,1.373333,25,27.849332,-13.133897,894
Zambia,Ethiopia,40.489673,9.145,22,27.849332,-13.133897,894
Zambia,Eritrea,39.782334,15.179384,12,27.849332,-13.133897,894
Zambia,Palestine,34.308825,31.354676,10,27.849332,-13.133897,894
Zimbabwe,DRC,21.758664,-4.038333,6306,29.154857,-19.015438,716
Zimbabwe,Burundi,29.918886,-3.373056,625,29.154857,-19.015438,716
Zimbabwe,Rwanda,29.873888,-1.940278,619,29.154857,-19.015438,716
Zimbabwe,Ethiopia,40.489673,9.145,69,29.154857,-19.015438,716
Zimbabwe,Eritrea,39.782334,15.179384,20,29.154857,-19.015438,716
Zimbabwe,Somalia,46.199616,5.152149,19,29.154857,-19.015438,716
Zimbabwe,Congo,15.827659,-0.228021,13,29.154857,-19.015438,716
Zimbabwe,C̫te d'Ivoire,-5.54708,7.539989,11,29.154857,-19.015438,716
Zimbabwe,Uganda,32.290275,1.373333,8,29.154857,-19.015438,716
Zimbabwe,Egypt,30.802498,26.820553,5,29.154857,-19.015438,716